{"target":"http://pubannotation.org/docs/sourcedb/PubMed/sourceid/19917135","sourcedb":"PubMed","sourceid":"19917135","text":"Elevated expression of p53 gain-of-function mutation R175H in endometrial cancer cells can increase the invasive phenotypes by activation of the EGFR/PI3K/AKT pathway.\nBACKGROUND: p53 is the most commonly mutated tumor suppressor gene in human cancers. In addition to the loss of tumor suppression function and exertion of dominant-negative effects over the remaining wild-type protein, several p53 mutants can gain novel oncogenic functions (gain-of-function, GOF) that actively regulate cancer development and progression. In human endometrial cancer, p53 mutation is more often associated with aggressive nonendometrioid cancer. However, it was unknown if p53 mutants contributed to endometrial cancer progression through the GOF properties.\nMETHODS: To clarify the relationship between expression of p53 GOF mutation (p53-R175H) and invasive potential of human endometrial cancer KLE cells, we tested the consequences of up-regulation and down-regulation of p53-R175H in KLE cells by inducing p53-R175H expression vector or suppressing the p53 gene with short hairpin RNA.\nRESULTS: We found that forced over-expression of p53-R175H significantly promoted cell migration and invasion, and induced activation of the epidermal growth factor receptor (EGFR)/phosphatidylinositol 3-kinase (PI3K)/AKT pathway. Conversely, suppression of p53-R175H with short hairpin RNA significantly inhibited cell migration and invasion, and resulted in attenuation of EGFR/PI3K/AKT pathway.\nCONCLUSION: These findings show for the first time that elevated expression of p53-R175H mutant may exert gain-of-function activity to activate the EGFR/PI3K/AKT pathway and thus may contribute to the invasive phenotype in endometrial cancer.","project":"AGAC_training","denotations":[{"id":"T46","span":{"begin":23,"end":26},"obj":"Gene"},{"id":"T45","span":{"begin":27,"end":43},"obj":"PosReg"},{"id":"T47","span":{"begin":53,"end":58},"obj":"Var"},{"id":"T48","span":{"begin":145,"end":166},"obj":"Pathway"},{"id":"T1","span":{"begin":554,"end":557},"obj":"Gene"},{"id":"T2","span":{"begin":558,"end":566},"obj":"Var"},{"id":"T3","span":{"begin":581,"end":591},"obj":"Reg"},{"id":"T4","span":{"begin":597,"end":630},"obj":"Disease"},{"id":"T22","span":{"begin":898,"end":904},"obj":"Reg"},{"id":"T20","span":{"begin":925,"end":938},"obj":"PosReg"},{"id":"T21","span":{"begin":943,"end":958},"obj":"NegReg"},{"id":"T18","span":{"begin":988,"end":996},"obj":"Reg"},{"id":"T19","span":{"begin":997,"end":1024},"obj":"Protein"},{"id":"T16","span":{"begin":1028,"end":1039},"obj":"NegReg"},{"id":"T17","span":{"begin":1044,"end":1052},"obj":"Gene"},{"id":"T23","span":{"begin":1107,"end":1122},"obj":"PosReg"},{"id":"T5","span":{"begin":1126,"end":1129},"obj":"Gene"},{"id":"T6","span":{"begin":1130,"end":1135},"obj":"Var"},{"id":"T7","span":{"begin":1150,"end":1158},"obj":"PosReg"},{"id":"T8","span":{"begin":1159,"end":1173},"obj":"CPA"},{"id":"T9","span":{"begin":1178,"end":1186},"obj":"CPA"},{"id":"T27","span":{"begin":1200,"end":1210},"obj":"PosReg"},{"id":"T11","span":{"begin":1218,"end":1306},"obj":"Pathway"},{"id":"T28","span":{"begin":1218,"end":1306},"obj":"Pathway"},{"id":"T29","span":{"begin":1320,"end":1331},"obj":"NegReg"},{"id":"T30","span":{"begin":1335,"end":1344},"obj":"Protein"},{"id":"T31","span":{"begin":1350,"end":1367},"obj":"Gene"},{"id":"T32","span":{"begin":1382,"end":1391},"obj":"NegReg"},{"id":"T33","span":{"begin":1392,"end":1419},"obj":"CPA"},{"id":"T34","span":{"begin":1437,"end":1448},"obj":"NegReg"},{"id":"T35","span":{"begin":1452,"end":1474},"obj":"Pathway"},{"id":"T37","span":{"begin":1531,"end":1539},"obj":"PosReg"},{"id":"T38","span":{"begin":1540,"end":1550},"obj":"MPA"},{"id":"T12","span":{"begin":1554,"end":1557},"obj":"Gene"},{"id":"T13","span":{"begin":1558,"end":1563},"obj":"Var"},{"id":"T39","span":{"begin":1581,"end":1585},"obj":"PosReg"},{"id":"T40","span":{"begin":1589,"end":1606},"obj":"MPA"},{"id":"T41","span":{"begin":1610,"end":1618},"obj":"PosReg"},{"id":"T42","span":{"begin":1623,"end":1644},"obj":"Pathway"},{"id":"T43","span":{"begin":1658,"end":1668},"obj":"Reg"},{"id":"T44","span":{"begin":1698,"end":1716},"obj":"Disease"}],"relations":[{"id":"R11","pred":"ThemeOf","subj":"T19","obj":"T18"},{"id":"R12","pred":"CauseOf","subj":"T19","obj":"T22"},{"id":"R13","pred":"ThemeOf","subj":"T20","obj":"T22"},{"id":"R14","pred":"ThemeOf","subj":"T21","obj":"T22"},{"id":"R15","pred":"ThemeOf","subj":"T17","obj":"T16"},{"id":"R16","pred":"CauseOf","subj":"T17","obj":"T22"},{"id":"R23","pred":"ThemeOf","subj":"T28","obj":"T27"},{"id":"R24","pred":"CauseOf","subj":"T31","obj":"T29"},{"id":"R25","pred":"ThemeOf","subj":"T30","obj":"T29"},{"id":"R26","pred":"CauseOf","subj":"T30","obj":"T32"},{"id":"R27","pred":"ThemeOf","subj":"T33","obj":"T32"},{"id":"R28","pred":"CauseOf","subj":"T30","obj":"T34"},{"id":"R29","pred":"ThemeOf","subj":"T35","obj":"T34"},{"id":"R31","pred":"ThemeOf","subj":"T38","obj":"T37"},{"id":"R33","pred":"ThemeOf","subj":"T40","obj":"T39"},{"id":"R35","pred":"ThemeOf","subj":"T42","obj":"T41"},{"id":"R37","pred":"ThemeOf","subj":"T44","obj":"T43"},{"id":"R38","pred":"ThemeOf","subj":"T12","obj":"T13"},{"id":"R39","pred":"CauseOf","subj":"T13","obj":"T37"},{"id":"R40","pred":"ThemeOf","subj":"T1","obj":"T2"},{"id":"R41","pred":"CauseOf","subj":"T2","obj":"T3"},{"id":"R42","pred":"ThemeOf","subj":"T4","obj":"T3"},{"id":"R43","pred":"CauseOf","subj":"T13","obj":"T39"},{"id":"R44","pred":"CauseOf","subj":"T39","obj":"T41"},{"id":"R45","pred":"CauseOf","subj":"T41","obj":"T43"},{"id":"R46","pred":"CauseOf","subj":"T47","obj":"T45"},{"id":"R47","pred":"ThemeOf","subj":"T46","obj":"T47"},{"id":"R48","pred":"ThemeOf","subj":"T48","obj":"T45"},{"id":"R49","pred":"ThemeOf","subj":"T5","obj":"T6"},{"id":"R50","pred":"CauseOf","subj":"T6","obj":"T23"},{"id":"R51","pred":"CauseOf","subj":"T6","obj":"T7"},{"id":"R52","pred":"ThemeOf","subj":"T8","obj":"T7"},{"id":"R53","pred":"ThemeOf","subj":"T9","obj":"T7"}]}