{"target":"http://pubannotation.org/docs/sourcedb/PubMed/sourceid/28717663","sourcedb":"PubMed","sourceid":"28717663","text":"Refining genotype-phenotype correlation in Alstr\u00f6m syndrome through study of primary human fibroblasts.\nBACKGROUND: Alstr\u00f6m syndrome (AS), featuring retinal dystrophy, neuronal deafness, cardiomyopathy, metabolic syndrome, and diffuse fibrosis, is caused by biallelic mutations in the centrosomal protein ALMS1. Genotype-phenotype correlation has been suggested without assessment of ALMS1 expression.\nMETHODS: ALMS1 expression (real-time PCR and immunocytochemistry) and cilia formation (immunocytochemistry) were assessed in fibroblasts from deeply phenotyped volunteers diagnosed with AS recruited from a dedicated AS Service. Exome sequencing was used in two participants without convincing biallelic ALMS1 mutations, and BBS2 (Bardet-Biedl syndrome 2) protein expression was assessed in one patient with biallelic BBS2 mutations. Hedgehog-induced GLI1 expression and PDGFA signaling was assessed using quantitative real-time PCR, immunoblotting, or immunostaining of fixed cells after stimulation.\nRESULTS: In 16 of the patient cell lines examined, ALMS1 protein was undetectable (14 with biallelic loss-of-function (LoF) mutations), and in two, ALMS1 staining was equivocal (one with biallelic LoF mutations). In five lines, ALMS1 expression was normal using at least one fixation method (one with biallelic LoF mutations). These differences were not accounted for by major differences in ALMS1 mRNA expression. Exome sequencing of two participants with normal ALMS1 expression identified biallelic LoF BBS2 mutations in one. No second, known ciliopathy mutation was found in the other patient, who had one LoF ALMS1 mutation. Phenotypes were milder or atypical in participants with preserved ALMS1 immunostaining, even when two with likely alternative genetic diagnoses were excluded. All cells studied developed normal cilia, ALMS1 and BBS2 mutant cells showed normal Hedgehog-induced upregulation of GLI1 expression, and PDGFA signaling was normal in ALMS1-deficient cells.\nCONCLUSION: Milder or atypical presentations of AS should prompt genetic evaluation for alternative, clinically overlapping ciliopathies. A subgroup of patients with bona fide ALMS1 defects have milder phenotypes due to residual ALMS1 expression, which may be more important than mutation site.","project":"AGAC_training","denotations":[{"id":"T6","span":{"begin":116,"end":132},"obj":"Disease"},{"id":"T1","span":{"begin":1054,"end":1059},"obj":"Gene"},{"id":"T2","span":{"begin":1060,"end":1067},"obj":"Protein"},{"id":"T3","span":{"begin":1072,"end":1084},"obj":"NegReg"},{"id":"T4","span":{"begin":1104,"end":1120},"obj":"NegReg"},{"id":"T5","span":{"begin":1127,"end":1136},"obj":"Var"}],"relations":[{"id":"R1","pred":"ThemeOf","subj":"T1","obj":"T2"},{"id":"R2","pred":"ThemeOf","subj":"T2","obj":"T3"},{"id":"R3","pred":"ThemeOf","subj":"T4","obj":"T5"},{"id":"R4","pred":"CauseOf","subj":"T5","obj":"T3"}]}