{"target":"http://pubannotation.org/docs/sourcedb/PubMed/sourceid/25805808","sourcedb":"PubMed","sourceid":"25805808","text":"Loss-of-function de novo mutations play an important role in severe human neural tube defects.\nBACKGROUND: Neural tube defects (NTDs) are very common and severe birth defects that are caused by failure of neural tube closure and that have a complex aetiology. Anencephaly and spina bifida are severe NTDs that affect reproductive fitness and suggest a role for de novo mutations (DNMs) in their aetiology.\nMETHODS: We used whole-exome sequencing in 43 sporadic cases affected with myelomeningocele or anencephaly and their unaffected parents to identify DNMs in their exomes.\nRESULTS: We identified 42 coding DNMs in 25 cases, of which 6 were loss of function (LoF) showing a higher rate of LoF DNM in our cohort compared with control cohorts. Notably, we identified two protein-truncating DNMs in two independent cases in SHROOM3, previously associated with NTDs only in animal models. We have demonstrated a significant enrichment of LoF DNMs in this gene in NTDs compared with the gene specific DNM rate and to the DNM rate estimated from control cohorts. We also identified one nonsense DNM in PAX3 and two potentially causative missense DNMs in GRHL3 and PTPRS.\nCONCLUSIONS: Our study demonstrates an important role of LoF DNMs in the development of NTDs and strongly implicates SHROOM3 in its aetiology.","project":"AGAC_training","denotations":[{"id":"T13","span":{"begin":107,"end":126},"obj":"Disease"},{"id":"T4","span":{"begin":771,"end":778},"obj":"Protein"},{"id":"T5","span":{"begin":779,"end":789},"obj":"NegReg"},{"id":"T6","span":{"begin":790,"end":794},"obj":"Var"},{"id":"T3","span":{"begin":823,"end":830},"obj":"Gene"},{"id":"T12","span":{"begin":936,"end":939},"obj":"NegReg"},{"id":"T10","span":{"begin":940,"end":944},"obj":"Var"},{"id":"T11","span":{"begin":961,"end":965},"obj":"Disease"},{"id":"T7","span":{"begin":1224,"end":1227},"obj":"NegReg"},{"id":"T8","span":{"begin":1228,"end":1232},"obj":"Var"},{"id":"T9","span":{"begin":1255,"end":1259},"obj":"Disease"},{"id":"T2","span":{"begin":1284,"end":1291},"obj":"Gene"}],"relations":[{"id":"R1","pred":"ThemeOf","subj":"T3","obj":"T6"},{"id":"R2","pred":"CauseOf","subj":"T6","obj":"T5"},{"id":"R3","pred":"ThemeOf","subj":"T4","obj":"T5"},{"id":"R4","pred":"CauseOf","subj":"T8","obj":"T7"},{"id":"R5","pred":"ThemeOf","subj":"T9","obj":"T7"},{"id":"R6","pred":"ThemeOf","subj":"T2","obj":"T8"},{"id":"R7","pred":"ThemeOf","subj":"T3","obj":"T10"},{"id":"R8","pred":"CauseOf","subj":"T10","obj":"T12"},{"id":"R9","pred":"ThemeOf","subj":"T11","obj":"T12"}]}