{"target":"http://pubannotation.org/docs/sourcedb/PubMed/sourceid/24603336","sourcedb":"PubMed","sourceid":"24603336","text":"Unequal prognostic potentials of p53 gain-of-function mutations in human cancers associate with drug-metabolizing activity.\nMutation of p53 is the most common genetic change in human cancer, causing complex effects including not only loss of wild-type function but also gain of novel oncogenic functions (GOF). It is increasingly likely that p53-hotspot mutations may confer different types and magnitudes of GOF, but the evidences are mainly supported by cellular and transgenic animal models. Here we combine large-scale cancer genomic data to characterize the prognostic significance of different p53 mutations in human cancers. Unexpectedly, only mutations on the Arg248 and Arg282 positions displayed significant association with shorter patient survival, but such association was not evident for other hotspot GOF mutations. Gene set enrichment analysis on these mutations revealed higher activity of drug-metabolizing enzymes, including the CYP3A4 cytochrome P450. Ectopic expression of p53 mutant R282W in H1299 and SaOS2 cells significantly upregulated CYP3A4 mRNA and protein levels, and cancer cell lines bearing mortality-associated p53 mutations display higher CYP3A4 expression and resistance to several CYP3A4-metabolized chemotherapeutic drugs. Our results suggest that p53 mutations have unequal GOF activities in human cancers, and future evaluation of p53 as a cancer biomarker should consider which mutation is present in the tumor, rather than having comparison between wild-type and mutant genotypes.","project":"AGAC_training","denotations":[{"id":"T21","span":{"begin":869,"end":878},"obj":"Var"},{"id":"T13","span":{"begin":888,"end":894},"obj":"PosReg"},{"id":"T14","span":{"begin":895,"end":903},"obj":"MPA"},{"id":"T32","span":{"begin":907,"end":932},"obj":"Enzyme"},{"id":"T33","span":{"begin":948,"end":970},"obj":"Enzyme"},{"id":"T22","span":{"begin":972,"end":990},"obj":"MPA"},{"id":"T23","span":{"begin":994,"end":997},"obj":"Gene"},{"id":"T24","span":{"begin":998,"end":1010},"obj":"Var"},{"id":"T16","span":{"begin":1050,"end":1061},"obj":"PosReg"},{"id":"T17","span":{"begin":1062,"end":1092},"obj":"MPA"},{"id":"T25","span":{"begin":1145,"end":1148},"obj":"Gene"},{"id":"T26","span":{"begin":1149,"end":1158},"obj":"Var"},{"id":"T18","span":{"begin":1167,"end":1173},"obj":"PosReg"},{"id":"T31","span":{"begin":1174,"end":1180},"obj":"Enzyme"},{"id":"T19","span":{"begin":1181,"end":1191},"obj":"MPA"},{"id":"T20","span":{"begin":1196,"end":1206},"obj":"CPA"}],"relations":[{"id":"R10","pred":"CauseOf","subj":"T21","obj":"T13"},{"id":"R11","pred":"ThemeOf","subj":"T14","obj":"T13"},{"id":"R12","pred":"ThemeOf","subj":"T23","obj":"T24"},{"id":"R13","pred":"ThemeOf","subj":"T24","obj":"T22"},{"id":"R14","pred":"CauseOf","subj":"T22","obj":"T16"},{"id":"R15","pred":"ThemeOf","subj":"T17","obj":"T16"},{"id":"R16","pred":"ThemeOf","subj":"T19","obj":"T18"},{"id":"R17","pred":"ThemeOf","subj":"T20","obj":"T18"},{"id":"R18","pred":"ThemeOf","subj":"T25","obj":"T26"},{"id":"R19","pred":"CauseOf","subj":"T26","obj":"T18"},{"id":"R25","pred":"ThemeOf","subj":"T32","obj":"T14"},{"id":"R26","pred":"ThemeOf","subj":"T33","obj":"T32"},{"id":"R27","pred":"ThemeOf","subj":"T31","obj":"T19"}]}