{"target":"http://pubannotation.org/docs/sourcedb/PubMed/sourceid/28339550","sourcedb":"PubMed","sourceid":"28339550","text":"The Tension-sensitive Ion Transport Activity of MSL8 is Critical for its Function in Pollen Hydration and Germination.\nAll cells respond to osmotic challenges, including those imposed during normal growth and development. Mechanosensitive (MS) ion channels provide a conserved mechanism for regulating osmotic forces by conducting ions in response to increased membrane tension. We previously demonstrated that the MS ion channel MscS-Like 8 (MSL8) is required for pollen to survive multiple osmotic challenges that occur during the normal process of fertilization, and that it can inhibit pollen germination. However, it remained unclear whether these physiological functions required ion flux through a mechanically gated channel provided by MSL8. We introduced two point mutations into the predicted pore-lining domain of MSL8 that disrupted normal channel function in different ways. The Ile711Ser mutation increased the tension threshold of the MSL8 channel while leaving conductance unchanged, and the Phe720Leu mutation severely disrupted the MSL8 channel. Both of these mutations impaired the ability of MSL8 to preserve pollen viability during hydration and to maintain the integrity of the pollen tube when expressed at endogenous levels. When overexpressed in an msl8-4 null background, MSL8I711S could partially rescue loss-of-function phenotypes, while MSL8F720L could not. When overexpressed in the wild-type Ler background, MSL8I711S suppressed pollen germination, similar to wild-type MSL8. In contrast, MSL8F720L failed to suppress pollen germination and increased pollen bursting, thereby phenocopying the msl8-4 mutant. Thus, an intact MSL8 channel is required for normal pollen function during hydration and germination. These data establish MSL8 as the first plant MS channel to fulfill previously established criteria for assignment as a mechanotransducer.","project":"AGAC_training","denotations":[{"id":"T1","span":{"begin":774,"end":783},"obj":"Var"},{"id":"T2","span":{"begin":825,"end":829},"obj":"Gene"},{"id":"T3","span":{"begin":835,"end":844},"obj":"NegReg"},{"id":"T4","span":{"begin":845,"end":868},"obj":"MPA"},{"id":"T5","span":{"begin":892,"end":901},"obj":"Var"},{"id":"T6","span":{"begin":911,"end":920},"obj":"PosReg"},{"id":"T7","span":{"begin":925,"end":942},"obj":"MPA"},{"id":"T8","span":{"begin":950,"end":954},"obj":"Gene"},{"id":"T9","span":{"begin":969,"end":976},"obj":"Reg"},{"id":"T10","span":{"begin":977,"end":998},"obj":"MPA"},{"id":"T11","span":{"begin":1008,"end":1026},"obj":"Var"},{"id":"T12","span":{"begin":1036,"end":1045},"obj":"NegReg"},{"id":"T14","span":{"begin":1050,"end":1054},"obj":"Gene"},{"id":"T13","span":{"begin":1055,"end":1062},"obj":"Pathway"},{"id":"T15","span":{"begin":1078,"end":1087},"obj":"Var"},{"id":"T16","span":{"begin":1088,"end":1096},"obj":"NegReg"},{"id":"T17","span":{"begin":1101,"end":1108},"obj":"MPA"},{"id":"T18","span":{"begin":1170,"end":1178},"obj":"Reg"},{"id":"T19","span":{"begin":1183,"end":1192},"obj":"MPA"}],"relations":[{"id":"R1","pred":"CauseOf","subj":"T1","obj":"T3"},{"id":"R10","pred":"ThemeOf","subj":"T14","obj":"T11"},{"id":"R11","pred":"ThemeOf","subj":"T13","obj":"T12"},{"id":"R12","pred":"CauseOf","subj":"T15","obj":"T16"},{"id":"R13","pred":"ThemeOf","subj":"T17","obj":"T16"},{"id":"R14","pred":"CauseOf","subj":"T15","obj":"T18"},{"id":"R15","pred":"ThemeOf","subj":"T19","obj":"T18"},{"id":"R2","pred":"ThemeOf","subj":"T4","obj":"T3"},{"id":"R3","pred":"ThemeOf","subj":"T2","obj":"T1"},{"id":"R4","pred":"CauseOf","subj":"T5","obj":"T6"},{"id":"R5","pred":"ThemeOf","subj":"T7","obj":"T6"},{"id":"R6","pred":"ThemeOf","subj":"T8","obj":"T5"},{"id":"R7","pred":"CauseOf","subj":"T5","obj":"T9"},{"id":"R8","pred":"ThemeOf","subj":"T10","obj":"T9"},{"id":"R9","pred":"CauseOf","subj":"T11","obj":"T12"}]}