{"target":"http://pubannotation.org/docs/sourcedb/PubMed/sourceid/28322269","sourcedb":"PubMed","sourceid":"28322269","text":"A Ras GTPase associated protein is involved in the phototropic and circadian photobiology responses in fungi.\nLight is an environmental signal perceived by most eukaryotic organisms and that can have major impacts on their growth and development. The MadC protein in the fungus Phycomyces blakesleeanus (Mucoromycotina) has been postulated to form part of the photosensory input for phototropism of the fruiting body sporangiophores, but the madC gene has remained unidentified since the 1960s when madC mutants were first isolated. In this study the madC gene was identified by positional cloning. All madC mutant strains contain loss-of-function point mutations within a gene predicted to encode a GTPase activating protein (GAP) for Ras. The madC gene complements the Saccharomyces cerevisiae Ras-GAP ira1 mutant and the encoded MadC protein interacts with P. blakesleeanus Ras homologs in yeast two-hybrid assays, indicating that MadC is a regulator of Ras signaling. Deletion of the homolog in the filamentous ascomycete Neurospora crassa affects the circadian clock output, yielding a pattern of asexual conidiation similar to a ras-1 mutant that is used in circadian studies in N. crassa. Thus, MadC is unlikely to be a photosensor, yet is a fundamental link in the photoresponses from blue light perceived by the conserved White Collar complex with Ras signaling in two distantly-related filamentous fungal species.","project":"AGAC_training","denotations":[{"id":"T1","span":{"begin":972,"end":980},"obj":"Var"},{"id":"T2","span":{"begin":1044,"end":1051},"obj":"Reg"},{"id":"T3","span":{"begin":1056,"end":1078},"obj":"MPA"},{"id":"T4","span":{"begin":1080,"end":1088},"obj":"Reg"},{"id":"T5","span":{"begin":1102,"end":1121},"obj":"MPA"}],"relations":[{"id":"R1","pred":"CauseOf","subj":"T1","obj":"T2"},{"id":"R2","pred":"ThemeOf","subj":"T3","obj":"T2"},{"id":"R3","pred":"CauseOf","subj":"T1","obj":"T4"},{"id":"R4","pred":"ThemeOf","subj":"T5","obj":"T4"}]}