{"target":"http://pubannotation.org/docs/sourcedb/PubMed/sourceid/29653316","sourcedb":"PubMed","sourceid":"29653316","text":"Clinical variability and onset age modifiers in an extended Belgian GRN founder family.\nWe previously reported a granulin (GRN) null mutation, originating from a common founder, in multiple Belgian families with frontotemporal dementia. Here, we used data of a 10-year follow-up study to describe in detail the clinical heterogeneity observed in this extended founder pedigree. We identified 85 patients and 40 unaffected mutation carriers, belonging to 29 branches of the founder pedigree. Most patients (74.4%) were diagnosed with frontotemporal dementia, while others had a clinical diagnosis of unspecified dementia, Alzheimer's dementia or Parkinson's disease. The observed clinical heterogeneity can guide clinical diagnosis, genetic testing, and counseling of mutation carriers. Onset of initial symptomatology is highly variable, ranging from age 45 to 80\u00a0years. Analysis of known modifiers, suggested effects of GRN rs5848, microtubule-associated protein tau H1/H2, and chromosome 9 open reading frame 72 G4C2 repeat length on onset age but explained only a minor fraction of the variability. Contrary, the extended GRN founder family is a valuable source for identifying other onset age modifiers based on exome or genome sequences. These modifiers might be interesting targets for developing disease-modifying therapies.","project":"AGAC_training","denotations":[{"id":"T4","span":{"begin":102,"end":110},"obj":"Reg"},{"id":"T1","span":{"begin":123,"end":126},"obj":"Gene"},{"id":"T2","span":{"begin":133,"end":141},"obj":"Var"},{"id":"T3","span":{"begin":212,"end":235},"obj":"Disease"}],"relations":[{"id":"R1","pred":"ThemeOf","subj":"T1","obj":"T2"},{"id":"R2","pred":"CauseOf","subj":"T2","obj":"T4"},{"id":"R3","pred":"ThemeOf","subj":"T3","obj":"T4"}]}