{"target":"http://pubannotation.org/docs/sourcedb/PubMed/sourceid/29464833","sourcedb":"PubMed","sourceid":"29464833","text":"CgPDR1 gain-of-function mutations lead to azole-resistance and increased adhesion in clinical Candida glabrata strains.\nRecently, Candida glabrata has emerged as a health-threatening pathogen and the rising resistance to antifungal agent in C.\u00a0glabrata often leads to clinical treatment failure. To investigate the evolution of drug resistance and adherence ability in four paired clinical isolates collected before and after antifungal treatment. Sequence analysis, gene disruption, drug-susceptibility, adhesion tests and real-time quantitative PCR were performed. The azole-susceptible strains acquired azole resistance after antifungal therapy. Four gain-of-function (GOF) mutations in CgPDR1 were revealed by sequence analysis, namely G1099D, G346D, L344S and P927S, the last being reported for the first time. CDR1, CDR2 and SNQ2 efflux pump gene expression levels were elevated in strains harbouring GOF mutations in CgPDR1, resulting in decreased azole susceptibility. CgPDR1 alleles with distinct GOF mutations displayed different expression profiles for the drug-related genes. CgPDR1GOF mutations led to increased efflux pumps expression levels in a strain background independent way. Hyperactive Pdr1G1099D and Pdr1P927S displayed strain background-dependent increased adherence to host cells via upregulation of EPA1 transcription. Interestingly, the drug transporter gene expression levels did not always correspond with that of the adhesin EPA1 gene. GOF mutations in CgPDR1 conferred drug resistance and increased adherence in the clinical strains, possibly endowing C.\u00a0glabrata with increased viability and pathogenicity.","project":"AGAC_training","denotations":[{"id":"T1","span":{"begin":0,"end":6},"obj":"Gene"},{"id":"T2","span":{"begin":7,"end":23},"obj":"PosReg"},{"id":"T3","span":{"begin":24,"end":33},"obj":"Var"},{"id":"T4","span":{"begin":34,"end":41},"obj":"Reg"},{"id":"T5","span":{"begin":42,"end":58},"obj":"MPA"},{"id":"T6","span":{"begin":63,"end":72},"obj":"PosReg"},{"id":"T7","span":{"begin":73,"end":81},"obj":"MPA"},{"id":"T12","span":{"begin":816,"end":870},"obj":"MPA"},{"id":"T11","span":{"begin":876,"end":884},"obj":"PosReg"},{"id":"T10","span":{"begin":907,"end":910},"obj":"PosReg"},{"id":"T8","span":{"begin":911,"end":920},"obj":"Var"},{"id":"T9","span":{"begin":924,"end":930},"obj":"Gene"},{"id":"T13","span":{"begin":945,"end":954},"obj":"NegReg"},{"id":"T14","span":{"begin":955,"end":975},"obj":"MPA"},{"id":"T15","span":{"begin":1088,"end":1094},"obj":"Gene"},{"id":"T16","span":{"begin":1094,"end":1097},"obj":"PosReg"},{"id":"T17","span":{"begin":1098,"end":1107},"obj":"Var"},{"id":"T18","span":{"begin":1115,"end":1124},"obj":"PosReg"},{"id":"T19","span":{"begin":1125,"end":1155},"obj":"MPA"},{"id":"T21","span":{"begin":1466,"end":1469},"obj":"PosReg"},{"id":"T20","span":{"begin":1470,"end":1479},"obj":"Var"},{"id":"T22","span":{"begin":1483,"end":1489},"obj":"Gene"},{"id":"T24","span":{"begin":1490,"end":1499},"obj":"Reg"},{"id":"T25","span":{"begin":1500,"end":1515},"obj":"MPA"},{"id":"T23","span":{"begin":1520,"end":1529},"obj":"PosReg"},{"id":"T26","span":{"begin":1530,"end":1539},"obj":"MPA"}],"relations":[{"id":"R1","pred":"ThemeOf","subj":"T1","obj":"T3"},{"id":"R10","pred":"ThemeOf","subj":"T25","obj":"T24"},{"id":"R11","pred":"CauseOf","subj":"T20","obj":"T23"},{"id":"R12","pred":"ThemeOf","subj":"T26","obj":"T23"},{"id":"R13","pred":"CauseOf","subj":"T8","obj":"T11"},{"id":"R14","pred":"ThemeOf","subj":"T12","obj":"T11"},{"id":"R15","pred":"ThemeOf","subj":"T9","obj":"T8"},{"id":"R16","pred":"CauseOf","subj":"T8","obj":"T10"},{"id":"R17","pred":"CauseOf","subj":"T8","obj":"T13"},{"id":"R18","pred":"ThemeOf","subj":"T14","obj":"T13"},{"id":"R19","pred":"ThemeOf","subj":"T15","obj":"T17"},{"id":"R2","pred":"CauseOf","subj":"T3","obj":"T2"},{"id":"R20","pred":"CauseOf","subj":"T17","obj":"T16"},{"id":"R21","pred":"CauseOf","subj":"T17","obj":"T18"},{"id":"R22","pred":"ThemeOf","subj":"T19","obj":"T18"},{"id":"R3","pred":"CauseOf","subj":"T3","obj":"T4"},{"id":"R4","pred":"ThemeOf","subj":"T5","obj":"T4"},{"id":"R5","pred":"CauseOf","subj":"T3","obj":"T6"},{"id":"R6","pred":"ThemeOf","subj":"T7","obj":"T6"},{"id":"R7","pred":"CauseOf","subj":"T20","obj":"T21"},{"id":"R8","pred":"ThemeOf","subj":"T22","obj":"T20"},{"id":"R9","pred":"CauseOf","subj":"T20","obj":"T24"}]}