{"target":"http://pubannotation.org/docs/sourcedb/PubMed/sourceid/29099488","sourcedb":"PubMed","sourceid":"29099488","text":"Mutant p53 partners in crime.\nMutant p53 proteins impart changes in cellular behavior and function through interactions with proteins that alter gene expression. The milieu of intracellular proteins available to interact with mutant p53 is context specific and changes with disease, cell type, and environmental conditions. Varying conformations of mutant p53 largely dictate protein-protein interactions as different point mutations within protein-coding regions greatly alter the extent and array of gain-of-function (GOF) activities. Given such variables, how can knowledge regarding p53 missense mutations be translated into predicting or altering biologic activity for therapy? How may knowledge regarding mutant p53 functions within certain disease contexts be harnessed to blunt or ablate mutant p53 GOF for therapy? In this article, we review known proteins that interact with mutant p53 and result in the activation of genes that contribute to p53 GOF with particular emphasis on context dependency and an evolving appreciation of GOF mechanisms.","project":"AGAC_training","denotations":[{"id":"T1","span":{"begin":30,"end":36},"obj":"Var"},{"id":"T10","span":{"begin":37,"end":40},"obj":"Gene"},{"id":"T4","span":{"begin":41,"end":49},"obj":"Protein"},{"id":"T5","span":{"begin":57,"end":64},"obj":"Reg"},{"id":"T6","span":{"begin":68,"end":85},"obj":"MPA"},{"id":"T7","span":{"begin":90,"end":98},"obj":"MPA"},{"id":"T8","span":{"begin":107,"end":119},"obj":"Interaction"},{"id":"T9","span":{"begin":125,"end":133},"obj":"Protein"},{"id":"T11","span":{"begin":349,"end":355},"obj":"Var"},{"id":"T12","span":{"begin":356,"end":359},"obj":"Gene"},{"id":"T13","span":{"begin":368,"end":375},"obj":"Reg"},{"id":"T14","span":{"begin":376,"end":404},"obj":"MPA"},{"id":"T23","span":{"begin":885,"end":891},"obj":"Var"},{"id":"T24","span":{"begin":892,"end":895},"obj":"Gene"},{"id":"T20","span":{"begin":914,"end":924},"obj":"PosReg"},{"id":"T25","span":{"begin":928,"end":933},"obj":"Gene"}],"relations":[{"id":"R1","pred":"CauseOf","subj":"T1","obj":"T5"},{"id":"R10","pred":"ThemeOf","subj":"T12","obj":"T11"},{"id":"R12","pred":"CauseOf","subj":"T23","obj":"T20"},{"id":"R13","pred":"ThemeOf","subj":"T25","obj":"T20"},{"id":"R14","pred":"ThemeOf","subj":"T24","obj":"T23"},{"id":"R2","pred":"ThemeOf","subj":"T6","obj":"T5"},{"id":"R3","pred":"ThemeOf","subj":"T7","obj":"T5"},{"id":"R4","pred":"CauseOf","subj":"T1","obj":"T8"},{"id":"R5","pred":"ThemeOf","subj":"T9","obj":"T8"},{"id":"R6","pred":"ThemeOf","subj":"T10","obj":"T1"},{"id":"R7","pred":"ThemeOf","subj":"T4","obj":"T10"},{"id":"R8","pred":"CauseOf","subj":"T11","obj":"T13"},{"id":"R9","pred":"ThemeOf","subj":"T14","obj":"T13"}]}