{"target":"http://pubannotation.org/docs/sourcedb/PubMed/sourceid/18594199","sourcedb":"PubMed","sourceid":"18594199","text":"Conditional RNA interference in vivo to study mutant p53 oncogenic gain of function on tumor malignancy.\nMutant p53 proteins are thought to have acquired a \"gain of function\" (GOF) activity that mainly contributes to tumor aggressiveness. Previously we reported that constitutive downregulation of mutant p53 by RNA interference reduces the tumorigenicity of cancer cells in an animal model; however, effects of adaptation to long-term mutant p53 inhibition could not be excluded. To address this point, mimicking more physiological conditions, we now describe the establishment of a lentiviral-based system for conditional interference with mutant p53 expression. In vivo studies assessed the efficacy of conditional RNA interference in inhibiting gain of function activity of mutant p53 proteins by reducing tumor growth ability. Moreover by using this system, microarray data were validated in vitro and in vivo and putative mutant p53 target genes that may contribute to its gain of function effects in cancer were identified. Results are confirmatory that depletion of mutant p53 protein impacts on tumor malignancy and validated the inducible lentiviral-based system as an efficient tool to study the gain of function activity of human tumor derived p53 mutants.","project":"AGAC_training","denotations":[{"id":"T1","span":{"begin":105,"end":111},"obj":"Var"},{"id":"T2","span":{"begin":112,"end":115},"obj":"Gene"},{"id":"T3","span":{"begin":116,"end":124},"obj":"Protein"},{"id":"T4","span":{"begin":157,"end":173},"obj":"PosReg"},{"id":"T5","span":{"begin":217,"end":237},"obj":"CPA"},{"id":"T11","span":{"begin":280,"end":294},"obj":"NegReg"},{"id":"T9","span":{"begin":298,"end":304},"obj":"Var"},{"id":"T10","span":{"begin":305,"end":308},"obj":"Gene"},{"id":"T8","span":{"begin":312,"end":328},"obj":"MPA"},{"id":"T6","span":{"begin":329,"end":336},"obj":"NegReg"},{"id":"T7","span":{"begin":341,"end":390},"obj":"CPA"},{"id":"T12","span":{"begin":706,"end":734},"obj":"MPA"},{"id":"T13","span":{"begin":738,"end":748},"obj":"NegReg"},{"id":"T18","span":{"begin":766,"end":774},"obj":"MPA"},{"id":"T17","span":{"begin":778,"end":784},"obj":"Var"},{"id":"T15","span":{"begin":785,"end":788},"obj":"Gene"},{"id":"T16","span":{"begin":789,"end":797},"obj":"Protein"},{"id":"T21","span":{"begin":1061,"end":1070},"obj":"MPA"},{"id":"T22","span":{"begin":1074,"end":1080},"obj":"Var"},{"id":"T23","span":{"begin":1081,"end":1084},"obj":"Gene"},{"id":"T24","span":{"begin":1085,"end":1092},"obj":"Protein"},{"id":"T19","span":{"begin":1093,"end":1100},"obj":"Reg"},{"id":"T20","span":{"begin":1104,"end":1120},"obj":"CPA"}],"relations":[{"id":"R1","pred":"ThemeOf","subj":"T2","obj":"T3"},{"id":"R10","pred":"CauseOf","subj":"T12","obj":"T13"},{"id":"R11","pred":"ThemeOf","subj":"T18","obj":"T13"},{"id":"R12","pred":"ThemeOf","subj":"T15","obj":"T16"},{"id":"R13","pred":"ThemeOf","subj":"T16","obj":"T17"},{"id":"R14","pred":"ThemeOf","subj":"T17","obj":"T18"},{"id":"R15","pred":"CauseOf","subj":"T21","obj":"T19"},{"id":"R16","pred":"ThemeOf","subj":"T20","obj":"T19"},{"id":"R17","pred":"ThemeOf","subj":"T22","obj":"T21"},{"id":"R18","pred":"ThemeOf","subj":"T23","obj":"T24"},{"id":"R19","pred":"ThemeOf","subj":"T24","obj":"T22"},{"id":"R2","pred":"ThemeOf","subj":"T3","obj":"T1"},{"id":"R3","pred":"CauseOf","subj":"T1","obj":"T4"},{"id":"R4","pred":"ThemeOf","subj":"T5","obj":"T4"},{"id":"R5","pred":"CauseOf","subj":"T8","obj":"T11"},{"id":"R6","pred":"CauseOf","subj":"T11","obj":"T6"},{"id":"R7","pred":"ThemeOf","subj":"T10","obj":"T9"},{"id":"R8","pred":"ThemeOf","subj":"T9","obj":"T11"},{"id":"R9","pred":"ThemeOf","subj":"T7","obj":"T6"}]}