{"target":"http://pubannotation.org/docs/sourcedb/PubMed/sourceid/21187651","sourcedb":"PubMed","sourceid":"21187651","text":"Mutant p53 R248Q but not R248W enhances in vitro invasiveness of human lung cancer NCI-H1299 cells.\nMore than half of all human cancers are associated with mutations of the TP53 gene. In regard to the functional interaction with the remaining wild-type (WT) p53 allele, p53 mutations are classified into two types, recessive and dominant-negative (DN) mutations. The latter mutant protein has a DN activity over the remaining WT allele. We previously showed that the DN p53 mutant was useful as a predictor of poor outcome or a risk factor for metastatic recurrence in patients with some types of cancers, regardless of the presence or absence of loss of heterozygosity (LOH) of WT p53, suggesting that the DN p53 had 'gain-of-function (GOF)' activity besides the transdominance function. In this study, we investigated GOF activity of two DN p53 mutants which had a point mutation at codon 248 (R248Q and R248W), one of the hot spots, by transfecting them respectively into H1299 cells which originally expressed no p53 protein. Growth activity of the transfectants with the two mutants was not different from that of parent or Mock transfectants. Meanwhile, in vitro invasions of Matrigel and type I collagen gel by R248Q-transfectants were significantly higher than those by R248W-transfectants or the control cells. However, there were no differences in cell motile activities, expressions of extracellular matrix-degradative enzymes such as matrix metalloproteinases, urokinase-type plasminogen activator and heparanase, and their inhibitors, between R248Q- and R248W-transfectants. These findings indicate that the p53 mutants have a different quality in GOF activities even if the mutations occurred at the same codon. And detailed information of the status of p53, including transdominancy and GOF activity, is expected to be useful for diagnosis and therapeutic strategy fitting the individual patients.","project":"AGAC_training","denotations":[{"id":"T1","span":{"begin":122,"end":135},"obj":"Disease"},{"id":"T2","span":{"begin":140,"end":150},"obj":"Reg"},{"id":"T3","span":{"begin":156,"end":165},"obj":"Var"},{"id":"T4","span":{"begin":173,"end":177},"obj":"Gene"},{"id":"T5","span":{"begin":329,"end":361},"obj":"Var"},{"id":"T6","span":{"begin":395,"end":406},"obj":"MPA"},{"id":"T7","span":{"begin":407,"end":435},"obj":"PosReg"},{"id":"T8","span":{"begin":707,"end":709},"obj":"Var"},{"id":"T9","span":{"begin":710,"end":713},"obj":"Gene"},{"id":"T10","span":{"begin":718,"end":751},"obj":"PosReg"},{"id":"T13","span":{"begin":1163,"end":1214},"obj":"CPA"},{"id":"T11","span":{"begin":1218,"end":1237},"obj":"Var"},{"id":"T12","span":{"begin":1257,"end":1263},"obj":"PosReg"}],"relations":[{"id":"R1","pred":"ThemeOf","subj":"T4","obj":"T3"},{"id":"R2","pred":"CauseOf","subj":"T3","obj":"T2"},{"id":"R3","pred":"ThemeOf","subj":"T1","obj":"T2"},{"id":"R4","pred":"CauseOf","subj":"T5","obj":"T7"},{"id":"R5","pred":"ThemeOf","subj":"T6","obj":"T7"},{"id":"R6","pred":"ThemeOf","subj":"T9","obj":"T8"},{"id":"R7","pred":"CauseOf","subj":"T8","obj":"T10"},{"id":"R8","pred":"CauseOf","subj":"T11","obj":"T12"},{"id":"R9","pred":"ThemeOf","subj":"T13","obj":"T12"}]}