{"target":"http://pubannotation.org/docs/sourcedb/PubMed/sourceid/29058783","sourcedb":"PubMed","sourceid":"29058783","text":"From mutational inactivation to aberrant gain-of-function: Unraveling the structural basis of mutant p53 oncogenic transition.\nVarious evidence has revealed that mutations in p53 exert activities that go beyond simply inactivation of wildtype functions but rather elicits downstream interactions that promote malignancy described as mutant p53 gain-of-function (GOF). Here we report the first account of the dynamics of mutation-induced structural transition of native p53 to an aberrant gain-of-function state, studying the wildtype (WT) and high incidence contact (R273C) and structural (R175H) mutant p53 (mutp53) through molecular dynamics simulation. Result analysis revealed that both mutants exhibited structural distortion and reduced flexibility, indicative of rigidity and kinetic stability. In addition, surface analysis revealed an increase in the accessible surface area in the p53 mutants. This suggests that the GOF transition involves protein unfolding and exposure of buried hydrophobic surface essential for interaction with HSF-1 oncogenic partner and wildtype p63, and p73 homologs. Further validation revealed binding cavities, similar in the mutants but dissimilar to the WT. Taken together, this study complements experimental findings and reveals the interplay between mutation-induced structural distortion, loss of flexibility, rigidity, enhanced stability, protein unfolding and ultimately, exposure of binding surfaces as conformational attributes that characterize mutP53 structure-GOF activities. This insight is, therefore, of great importance as it opens up a novel therapeutic approach toward the structure based targeting of mutP53 oncogenic involvement beyond wildtype inactivation. Furthermore, \"exposed\" binding site information obtained from this study can be explored for structure-based design of substances best described as \"destabilizers\" to disrupt the GOF interaction of mutp53.","project":"AGAC_training","denotations":[{"id":"T1","span":{"begin":162,"end":171},"obj":"Var"},{"id":"T2","span":{"begin":175,"end":178},"obj":"Gene"},{"id":"T3","span":{"begin":218,"end":230},"obj":"NegReg"},{"id":"T4","span":{"begin":234,"end":252},"obj":"MPA"},{"id":"T6","span":{"begin":264,"end":271},"obj":"Reg"},{"id":"T5","span":{"begin":283,"end":295},"obj":"Interaction"},{"id":"T7","span":{"begin":301,"end":308},"obj":"PosReg"},{"id":"T10","span":{"begin":309,"end":319},"obj":"Disease"},{"id":"T8","span":{"begin":333,"end":339},"obj":"Var"},{"id":"T9","span":{"begin":340,"end":343},"obj":"Gene"},{"id":"T11","span":{"begin":344,"end":360},"obj":"PosReg"},{"id":"T13","span":{"begin":567,"end":572},"obj":"Var"},{"id":"T12","span":{"begin":590,"end":595},"obj":"Var"},{"id":"T14","span":{"begin":604,"end":607},"obj":"Gene"},{"id":"T15","span":{"begin":699,"end":708},"obj":"Reg"},{"id":"T16","span":{"begin":709,"end":730},"obj":"Var"},{"id":"T17","span":{"begin":735,"end":742},"obj":"NegReg"},{"id":"T18","span":{"begin":743,"end":754},"obj":"MPA"},{"id":"T19","span":{"begin":1293,"end":1301},"obj":"Var"},{"id":"T20","span":{"begin":1302,"end":1309},"obj":"Reg"},{"id":"T21","span":{"begin":1310,"end":1331},"obj":"Var"},{"id":"T24","span":{"begin":1333,"end":1337},"obj":"NegReg"},{"id":"T22","span":{"begin":1341,"end":1352},"obj":"MPA"},{"id":"T23","span":{"begin":1354,"end":1362},"obj":"MPA"},{"id":"T25","span":{"begin":1364,"end":1372},"obj":"PosReg"},{"id":"T26","span":{"begin":1373,"end":1382},"obj":"MPA"}],"relations":[{"id":"R1","pred":"CauseOf","subj":"T1","obj":"T3"},{"id":"R10","pred":"ThemeOf","subj":"T14","obj":"T13"},{"id":"R11","pred":"ThemeOf","subj":"T14","obj":"T12"},{"id":"R12","pred":"CauseOf","subj":"T13","obj":"T15"},{"id":"R13","pred":"ThemeOf","subj":"T16","obj":"T15"},{"id":"R14","pred":"CauseOf","subj":"T13","obj":"T17"},{"id":"R15","pred":"ThemeOf","subj":"T18","obj":"T17"},{"id":"R16","pred":"CauseOf","subj":"T19","obj":"T20"},{"id":"R17","pred":"ThemeOf","subj":"T21","obj":"T20"},{"id":"R18","pred":"ThemeOf","subj":"T22","obj":"T24"},{"id":"R19","pred":"ThemeOf","subj":"T23","obj":"T24"},{"id":"R2","pred":"ThemeOf","subj":"T2","obj":"T1"},{"id":"R20","pred":"ThemeOf","subj":"T26","obj":"T25"},{"id":"R21","pred":"CauseOf","subj":"T19","obj":"T25"},{"id":"R22","pred":"CauseOf","subj":"T19","obj":"T24"},{"id":"R3","pred":"ThemeOf","subj":"T4","obj":"T3"},{"id":"R4","pred":"CauseOf","subj":"T1","obj":"T6"},{"id":"R5","pred":"ThemeOf","subj":"T5","obj":"T6"},{"id":"R6","pred":"CauseOf","subj":"T8","obj":"T7"},{"id":"R7","pred":"ThemeOf","subj":"T10","obj":"T7"},{"id":"R8","pred":"ThemeOf","subj":"T9","obj":"T8"},{"id":"R9","pred":"CauseOf","subj":"T8","obj":"T11"}]}