{"target":"http://pubannotation.org/docs/sourcedb/PubMed/sourceid/29941455","sourcedb":"PubMed","sourceid":"29941455","text":"Multiple regions in the extracellular domain of the glycine receptor determine receptor activity.\nGlycine receptors (GlyRs) are Cys-loop receptors that mediate fast synaptic inhibition in the brain stem and spinal cord. They are involved in the generation of motor rhythm, reflex circuit coordination, and sensory signal processing and therefore represent targets for therapeutic interventions. The extracellular domains (ECDs) of Cys-loop receptors typically contain many aromatic amino acids, but only those in the receptor binding pocket have been extensively studied. Here, we show that many Phe residues in the ECD that are not located in the binding pocket are also involved in GlyR function. We examined these Phe residues by creating several GlyR variants, characterizing these variants with the two-electrode voltage clamp technique in Xenopus oocytes, and interpreting changes in receptor parameters by using currently available structural information on the open and closed states of the GlyR. Substitution of six of the eight Phe residues in the ECD with Ala resulted in loss of function or significantly increased the EC50 and also altered the maximal response to the partial GlyR agonist taurine compared with glycine in those receptor variants that were functional. Substitutions with other amino acids, combined with examination of nearby residues that could potentially interact with these Phe residues, suggested interactions that could be important for GlyR function, and possibly similar interactions could contribute to the function of other members of the Cys-loop receptor family. Overall, our results suggest that many ECD regions are important for GlyR function and that these regions could inform the design of therapeutic agents targeting GlyR activity.","project":"AGAC_training","denotations":[{"id":"T5","span":{"begin":1005,"end":1017},"obj":"Var"},{"id":"T3","span":{"begin":1083,"end":1087},"obj":"NegReg"},{"id":"T4","span":{"begin":1091,"end":1099},"obj":"MPA"},{"id":"T1","span":{"begin":1117,"end":1126},"obj":"PosReg"},{"id":"T2","span":{"begin":1131,"end":1135},"obj":"MPA"},{"id":"T6","span":{"begin":1145,"end":1152},"obj":"Reg"},{"id":"T7","span":{"begin":1157,"end":1209},"obj":"MPA"}],"relations":[{"id":"R1","pred":"CauseOf","subj":"T5","obj":"T3"},{"id":"R2","pred":"ThemeOf","subj":"T4","obj":"T3"},{"id":"R3","pred":"CauseOf","subj":"T5","obj":"T1"},{"id":"R4","pred":"ThemeOf","subj":"T2","obj":"T1"},{"id":"R5","pred":"CauseOf","subj":"T5","obj":"T6"},{"id":"R6","pred":"ThemeOf","subj":"T7","obj":"T6"}]}