{"target":"http://pubannotation.org/docs/sourcedb/PubMed/sourceid/28987752","sourcedb":"PubMed","sourceid":"28987752","text":"Three Cases of KCNT1 Mutations: Malignant Migrating Partial Seizures in Infancy with Massive Systemic to Pulmonary Collateral Arteries.\nKCNT1 mutations are gain-of-function mutations in potassium channels resulting in severe infantile epilepsy. Herein we describe 3 infants with malignant migrating partial seizures with KCNT1 mutations accompanied by massive systemic to pulmonary collateral arteries with life-threatening hemoptysis and heart failure.","project":"AGAC_training","denotations":[{"id":"T1","span":{"begin":136,"end":141},"obj":"Gene"},{"id":"T2","span":{"begin":142,"end":151},"obj":"Var"},{"id":"T3","span":{"begin":156,"end":172},"obj":"PosReg"},{"id":"T5","span":{"begin":225,"end":243},"obj":"Disease"}],"relations":[{"id":"R1","pred":"ThemeOf","subj":"T1","obj":"T2"},{"id":"R2","pred":"CauseOf","subj":"T2","obj":"T3"},{"id":"R3","pred":"ThemeOf","subj":"T5","obj":"T3"}]}