{"target":"http://pubannotation.org/docs/sourcedb/PubMed/sourceid/27341992","sourcedb":"PubMed","sourceid":"27341992","text":"A rare DNA contact mutation in cancer confers p53 gain-of-function and tumor cell survival via TNFAIP8 induction.\nThe p53 tumor suppressor gene encodes a sequence-specific transcription factor. Mutations in the coding sequence of p53 occur frequently in human cancer and often result in single amino acid substitutions (missense mutations) in the DNA binding domain (DBD), blocking normal tumor suppressive functions. In addition to the loss of canonical functions, some missense mutations in p53 confer gain-of-function (GOF) activities to tumor cells. While many missense mutations in p53 cluster at six \"hotspot\" amino acids, the majority of mutations in human cancer occur elsewhere in the DBD and at a much lower frequency. We report here that mutations at K120, a non-hotspot DNA contact residue, confer p53 with the previously unrecognized ability to bind and activate the transcription of the pro-survival TNFAIP8 gene. Mutant K120 p53 binds the TNFAIP8 locus at a cryptic p53 response element that is not occupied by wild-type p53. Furthermore, induction of TNFAIP8 is critical for the evasion of apoptosis by tumor cells expressing the K120R variant of p53. These findings identify induction of pro-survival targets as a mechanism of gain-of-function activity for mutant p53 and will likely broaden our understanding of this phenomenon beyond the limited number of GOF activities currently reported for hotspot mutants.","project":"AGAC_training","denotations":[{"id":"T2","span":{"begin":19,"end":27},"obj":"Var"},{"id":"T7","span":{"begin":38,"end":45},"obj":"PosReg"},{"id":"T1","span":{"begin":46,"end":49},"obj":"Gene"},{"id":"T4","span":{"begin":50,"end":66},"obj":"PosReg"},{"id":"T5","span":{"begin":71,"end":90},"obj":"CPA"},{"id":"T3","span":{"begin":95,"end":102},"obj":"Gene"},{"id":"T8","span":{"begin":194,"end":203},"obj":"Var"},{"id":"T9","span":{"begin":230,"end":233},"obj":"Gene"},{"id":"T10","span":{"begin":277,"end":286},"obj":"Reg"},{"id":"T11","span":{"begin":305,"end":318},"obj":"Var"},{"id":"T30","span":{"begin":351,"end":358},"obj":"Interaction"},{"id":"T12","span":{"begin":373,"end":381},"obj":"NegReg"},{"id":"T13","span":{"begin":389,"end":416},"obj":"CPA"},{"id":"T14","span":{"begin":471,"end":489},"obj":"Var"},{"id":"T15","span":{"begin":493,"end":496},"obj":"Gene"},{"id":"T16","span":{"begin":504,"end":520},"obj":"PosReg"},{"id":"T17","span":{"begin":527,"end":552},"obj":"CPA"},{"id":"T18","span":{"begin":749,"end":766},"obj":"Var"},{"id":"T19","span":{"begin":803,"end":809},"obj":"PosReg"},{"id":"T20","span":{"begin":810,"end":813},"obj":"Gene"},{"id":"T21","span":{"begin":847,"end":854},"obj":"MPA"},{"id":"T22","span":{"begin":858,"end":862},"obj":"Interaction"},{"id":"T23","span":{"begin":867,"end":875},"obj":"PosReg"},{"id":"T24","span":{"begin":880,"end":893},"obj":"MPA"},{"id":"T25","span":{"begin":914,"end":921},"obj":"Gene"},{"id":"T26","span":{"begin":1244,"end":1260},"obj":"PosReg"},{"id":"T27","span":{"begin":1261,"end":1269},"obj":"MPA"},{"id":"T28","span":{"begin":1274,"end":1280},"obj":"Var"},{"id":"T29","span":{"begin":1281,"end":1284},"obj":"Gene"}],"relations":[{"id":"R1","pred":"ThemeOf","subj":"T3","obj":"T2"},{"id":"R10","pred":"ThemeOf","subj":"T13","obj":"T12"},{"id":"R11","pred":"CauseOf","subj":"T14","obj":"T16"},{"id":"R12","pred":"ThemeOf","subj":"T17","obj":"T16"},{"id":"R13","pred":"ThemeOf","subj":"T15","obj":"T14"},{"id":"R14","pred":"CauseOf","subj":"T18","obj":"T19"},{"id":"R15","pred":"ThemeOf","subj":"T20","obj":"T18"},{"id":"R16","pred":"ThemeOf","subj":"T21","obj":"T19"},{"id":"R17","pred":"ThemeOf","subj":"T22","obj":"T21"},{"id":"R18","pred":"CauseOf","subj":"T18","obj":"T23"},{"id":"R19","pred":"ThemeOf","subj":"T24","obj":"T23"},{"id":"R2","pred":"CauseOf","subj":"T2","obj":"T7"},{"id":"R20","pred":"ThemeOf","subj":"T25","obj":"T24"},{"id":"R21","pred":"CauseOf","subj":"T28","obj":"T26"},{"id":"R22","pred":"ThemeOf","subj":"T27","obj":"T26"},{"id":"R23","pred":"ThemeOf","subj":"T29","obj":"T27"},{"id":"R24","pred":"ThemeOf","subj":"T30","obj":"T10"},{"id":"R3","pred":"ThemeOf","subj":"T4","obj":"T7"},{"id":"R4","pred":"ThemeOf","subj":"T1","obj":"T4"},{"id":"R5","pred":"ThemeOf","subj":"T5","obj":"T7"},{"id":"R6","pred":"ThemeOf","subj":"T9","obj":"T8"},{"id":"R7","pred":"CauseOf","subj":"T8","obj":"T10"},{"id":"R8","pred":"ThemeOf","subj":"T11","obj":"T10"},{"id":"R9","pred":"ThemeOf","subj":"T12","obj":"T10"}]}