{"target":"http://pubannotation.org/docs/sourcedb/PubMed/sourceid/21175440","sourcedb":"PubMed","sourceid":"21175440","text":"The combined impact of CYP2C19 and CYP2B6 pharmacogenetics on cyclophosphamide bioactivation.\nAIMS: The role of CYP pharmacogenetics in the bioactivation of cyclophosphamide is still controversial. Recent clinical studies have suggested a role for either CYP2C19 or CYP2B6. The aim of this study was to clarify the role of these pharmacogenes.\nMETHODS: We used a combined in vitro-in vivo approach to determine the role of these pharmacogenes in the bioactivation of the prodrug to 4-hydroxy cyclophosphamide (4-OHCP). Cyclophosphamide metabolism was determined in a human liver biobank (n= 14) and in patients receiving the drug for treatment of lupus nephritis (n= 16).\nRESULTS: In livers of known CYP2C19 and CYP2B6 genotype and protein expression we observed that there was a combined role for both CYP2C19 and CYP2B6 in the bioactivation of cyclophosphamide in vitro. The presence of at least one loss of function (LoF) allele at either CYP2C19 or CYP2B6 resulted in a significant decrease in both V(max) (P= 0.028) and CL(int) (P= 0.0017) compared with livers with no LoF alleles. This dual genotype relationship was also observed in a preliminary clinical study, with patients who had \u22651 LoF allele at either CYP2C19 or CYP2B6 also displaying significantly (P= 0.0316) lower bioactivation of cyclophosphamide. The mean 4-OHCP : CP bioactivation ratio was 0.0014 (95% CI 0.0007, 0.002) compared with 0.0071 (95% CI 0.0001, 0.014) in patients with no LoF alleles at either of these genes.\nCONCLUSIONS: The presence of \u22651 LoF allele(s) at either CYP2B6 or CYP2C19 appeared to result in decreased bioactivation of cyclophosphamide both in vitro and in patients. Further clinical studies to confirm this relationship are warranted.","project":"AGAC_training","denotations":[{"id":"T1","span":{"begin":779,"end":787},"obj":"Interaction"},{"id":"T2","span":{"begin":802,"end":809},"obj":"Var"},{"id":"T3","span":{"begin":814,"end":820},"obj":"Var"},{"id":"T4","span":{"begin":828,"end":861},"obj":"MPA"},{"id":"T5","span":{"begin":941,"end":948},"obj":"Var"},{"id":"T6","span":{"begin":952,"end":958},"obj":"Var"},{"id":"T8","span":{"begin":985,"end":993},"obj":"NegReg"},{"id":"T9","span":{"begin":1002,"end":1043},"obj":"MPA"},{"id":"T10","span":{"begin":1215,"end":1222},"obj":"Var"},{"id":"T11","span":{"begin":1226,"end":1232},"obj":"Var"},{"id":"T12","span":{"begin":1275,"end":1280},"obj":"NegReg"},{"id":"T13","span":{"begin":1281,"end":1314},"obj":"MPA"},{"id":"T14","span":{"begin":1549,"end":1555},"obj":"Var"},{"id":"T15","span":{"begin":1559,"end":1566},"obj":"Var"},{"id":"T16","span":{"begin":1589,"end":1598},"obj":"NegReg"},{"id":"T17","span":{"begin":1599,"end":1632},"obj":"MPA"}],"relations":[{"id":"R1","pred":"CauseOf","subj":"T3","obj":"T4"},{"id":"R10","pred":"CauseOf","subj":"T14","obj":"T16"},{"id":"R11","pred":"CauseOf","subj":"T15","obj":"T16"},{"id":"R12","pred":"ThemeOf","subj":"T17","obj":"T16"},{"id":"R2","pred":"CauseOf","subj":"T2","obj":"T4"},{"id":"R3","pred":"ThemeOf","subj":"T1","obj":"T4"},{"id":"R4","pred":"CauseOf","subj":"T5","obj":"T8"},{"id":"R5","pred":"CauseOf","subj":"T6","obj":"T8"},{"id":"R6","pred":"ThemeOf","subj":"T9","obj":"T8"},{"id":"R7","pred":"CauseOf","subj":"T10","obj":"T12"},{"id":"R8","pred":"CauseOf","subj":"T11","obj":"T12"},{"id":"R9","pred":"ThemeOf","subj":"T13","obj":"T12"}]}