{"target":"http://pubannotation.org/docs/sourcedb/PubMed/sourceid/29323748","sourcedb":"PubMed","sourceid":"29323748","text":"The gain-of-function mutation E76K in SHP2 promotes CAC tumorigenesis and induces EMT via the Wnt/\u03b2-catenin signaling pathway.\nSHP2 is encoded by the protein tyrosine phosphatase 11 (Ptpn11) gene. Several gain-of-function (GOF) mutations in Ptpn11 have been identified in human hematopoietic malignancies and solid tumors. In addition, the mutation rate for SHP2 is the highest for colorectal cancer (CRC) among solid tumors. The E76K GOF mutation is the most common and active SHP2 mutation; however, the pathogenic effects and function of this mutation in CRC tumor progression have not been well characterized. The Wnt/\u03b2-catenin (CTNNB1) signaling pathway is crucial for CRC, and excessive activation of this pathway has been observed in several tumors. We used Ptpn11E76K conditional knock-in mice to study this GOF mutation in colitis-associated CRC (CAC) and used the CRC cell lines HT29 and HCT116 to determine the relationship between SHP2 and Wnt/\u03b2-catenin signaling. Ptpn11E76K conditional knock-in mice exhibited aggravated inflammation and increased CAC tumorigenesis. In vitro, SHP2E76K and SHP2WT promoted malignant biological behaviors of CRC cells and induced epithelial-mesenchymal transition (EMT) via the Wnt/\u03b2-catenin signaling pathway. Together, our results showed that SHP2E76K acts as an oncogene that promotes the tumorigenesis and metastasis of CRC.","project":"AGAC_training","denotations":[{"id":"T3","span":{"begin":4,"end":20},"obj":"PosReg"},{"id":"T2","span":{"begin":30,"end":34},"obj":"Var"},{"id":"T1","span":{"begin":38,"end":42},"obj":"Gene"},{"id":"T4","span":{"begin":43,"end":51},"obj":"PosReg"},{"id":"T36","span":{"begin":52,"end":55},"obj":"Disease"},{"id":"T37","span":{"begin":56,"end":69},"obj":"CPA"},{"id":"T10","span":{"begin":74,"end":81},"obj":"PosReg"},{"id":"T11","span":{"begin":82,"end":85},"obj":"CPA"},{"id":"T42","span":{"begin":94,"end":125},"obj":"Pathway"},{"id":"T38","span":{"begin":340,"end":348},"obj":"Var"},{"id":"T39","span":{"begin":358,"end":362},"obj":"Gene"},{"id":"T41","span":{"begin":370,"end":377},"obj":"Reg"},{"id":"T40","span":{"begin":382,"end":399},"obj":"Disease"},{"id":"T23","span":{"begin":977,"end":983},"obj":"Gene"},{"id":"T24","span":{"begin":983,"end":987},"obj":"Var"},{"id":"T25","span":{"begin":1024,"end":1034},"obj":"PosReg"},{"id":"T26","span":{"begin":1035,"end":1047},"obj":"CPA"},{"id":"T27","span":{"begin":1052,"end":1061},"obj":"PosReg"},{"id":"T28","span":{"begin":1062,"end":1065},"obj":"Disease"},{"id":"T29","span":{"begin":1066,"end":1079},"obj":"CPA"},{"id":"T30","span":{"begin":1091,"end":1095},"obj":"Gene"},{"id":"T31","span":{"begin":1095,"end":1099},"obj":"Var"},{"id":"T32","span":{"begin":1111,"end":1119},"obj":"PosReg"},{"id":"T33","span":{"begin":1120,"end":1163},"obj":"CPA"},{"id":"T34","span":{"begin":1168,"end":1175},"obj":"PosReg"},{"id":"T35","span":{"begin":1176,"end":1209},"obj":"CPA"},{"id":"T21","span":{"begin":1291,"end":1295},"obj":"Gene"},{"id":"T22","span":{"begin":1295,"end":1299},"obj":"Var"},{"id":"T17","span":{"begin":1325,"end":1333},"obj":"PosReg"},{"id":"T18","span":{"begin":1338,"end":1351},"obj":"CPA"},{"id":"T19","span":{"begin":1356,"end":1366},"obj":"CPA"},{"id":"T20","span":{"begin":1370,"end":1373},"obj":"Disease"}],"relations":[{"id":"R1","pred":"ThemeOf","subj":"T1","obj":"T2"},{"id":"R10","pred":"CauseOf","subj":"T24","obj":"T25"},{"id":"R11","pred":"ThemeOf","subj":"T26","obj":"T25"},{"id":"R12","pred":"CauseOf","subj":"T24","obj":"T27"},{"id":"R15","pred":"ThemeOf","subj":"T30","obj":"T31"},{"id":"R16","pred":"CauseOf","subj":"T31","obj":"T32"},{"id":"R17","pred":"CauseOf","subj":"T31","obj":"T34"},{"id":"R18","pred":"ThemeOf","subj":"T33","obj":"T32"},{"id":"R19","pred":"ThemeOf","subj":"T35","obj":"T34"},{"id":"R2","pred":"CauseOf","subj":"T2","obj":"T3"},{"id":"R20","pred":"ThemeOf","subj":"T21","obj":"T22"},{"id":"R21","pred":"CauseOf","subj":"T22","obj":"T17"},{"id":"R22","pred":"ThemeOf","subj":"T18","obj":"T17"},{"id":"R23","pred":"ThemeOf","subj":"T19","obj":"T17"},{"id":"R24","pred":"ThemeOf","subj":"T20","obj":"T19"},{"id":"R25","pred":"ThemeOf","subj":"T20","obj":"T18"},{"id":"R26","pred":"ThemeOf","subj":"T29","obj":"T27"},{"id":"R27","pred":"ThemeOf","subj":"T28","obj":"T29"},{"id":"R28","pred":"ThemeOf","subj":"T36","obj":"T37"},{"id":"R29","pred":"ThemeOf","subj":"T37","obj":"T4"},{"id":"R3","pred":"CauseOf","subj":"T3","obj":"T4"},{"id":"R30","pred":"ThemeOf","subj":"T39","obj":"T38"},{"id":"R31","pred":"CauseOf","subj":"T38","obj":"T41"},{"id":"R32","pred":"ThemeOf","subj":"T40","obj":"T41"},{"id":"R33","pred":"ThemeOf","subj":"T42","obj":"T10"},{"id":"R7","pred":"ThemeOf","subj":"T11","obj":"T10"},{"id":"R8","pred":"CauseOf","subj":"T3","obj":"T10"},{"id":"R9","pred":"ThemeOf","subj":"T23","obj":"T24"}]}