{"target":"http://pubannotation.org/docs/sourcedb/PubMed/sourceid/25954247","sourcedb":"PubMed","sourceid":"25954247","text":"Mutant p53 - Heat Shock Response Oncogenic Cooperation: A New Mechanism of Cancer Cell Survival.\nThe main tumor suppressor function of p53 as a \"guardian of the genome\" is to respond to cellular stress by transcriptional activation of apoptosis, growth arrest, or senescence in damaged cells. Not surprisingly, mutations in the p53 gene are the most frequent genetic alteration in human cancers. Importantly, mutant p53 (mutp53) proteins not only lose their wild-type tumor suppressor activity but also can actively promote tumor development. Two main mechanisms accounting for mutp53 proto-oncogenic activity are inhibition of the wild-type p53 in a dominant-negative fashion and gain of additional oncogenic activities known as gain-of-function (GOF). Here, we discuss a novel mechanism of mutp53 GOF, which relies on its oncogenic cooperation with the heat shock machinery. This coordinated adaptive mechanism renders cancer cells more resistant to proteotoxic stress and provides both, a strong survival advantage to cancer cells and a promising means for therapeutic intervention.","project":"AGAC_training","denotations":[{"id":"T2","span":{"begin":409,"end":415},"obj":"Var"},{"id":"T1","span":{"begin":416,"end":419},"obj":"Gene"},{"id":"T3","span":{"begin":429,"end":437},"obj":"Protein"},{"id":"T4","span":{"begin":447,"end":451},"obj":"NegReg"},{"id":"T5","span":{"begin":468,"end":493},"obj":"CPA"},{"id":"T6","span":{"begin":516,"end":523},"obj":"PosReg"},{"id":"T7","span":{"begin":524,"end":541},"obj":"CPA"},{"id":"T8","span":{"begin":578,"end":584},"obj":"Var"},{"id":"T9","span":{"begin":681,"end":685},"obj":"PosReg"},{"id":"T10","span":{"begin":700,"end":720},"obj":"CPA"},{"id":"T13","span":{"begin":792,"end":798},"obj":"Var"},{"id":"T11","span":{"begin":934,"end":938},"obj":"PosReg"},{"id":"T12","span":{"begin":939,"end":948},"obj":"CPA"},{"id":"T14","span":{"begin":999,"end":1017},"obj":"CPA"}],"relations":[{"id":"R1","pred":"ThemeOf","subj":"T1","obj":"T3"},{"id":"R10","pred":"ThemeOf","subj":"T12","obj":"T11"},{"id":"R11","pred":"ThemeOf","subj":"T14","obj":"T11"},{"id":"R2","pred":"ThemeOf","subj":"T3","obj":"T2"},{"id":"R3","pred":"CauseOf","subj":"T2","obj":"T4"},{"id":"R4","pred":"ThemeOf","subj":"T5","obj":"T4"},{"id":"R5","pred":"CauseOf","subj":"T2","obj":"T6"},{"id":"R6","pred":"ThemeOf","subj":"T7","obj":"T6"},{"id":"R7","pred":"CauseOf","subj":"T8","obj":"T9"},{"id":"R8","pred":"ThemeOf","subj":"T10","obj":"T9"},{"id":"R9","pred":"CauseOf","subj":"T13","obj":"T11"}]}