{"target":"http://pubannotation.org/docs/sourcedb/PubMed/sourceid/20399956","sourcedb":"PubMed","sourceid":"20399956","text":"The tyrosine phosphatase Shp2 in development and cancer.\nDeregulation of signaling pathways, through mutation or other molecular changes, can ultimately result in disease. The tyrosine phosphatase Shp2 has emerged as a major regulator of receptor tyrosine kinase (RTK) and cytokine receptor signaling. In the last decade, germline mutations in the human PTPN11 gene, encoding Shp2, were linked to Noonan (NS) and LEOPARD syndromes, two multisymptomatic developmental disorders that are characterized by short stature, craniofacial defects, cardiac defects, and mental retardation. Somatic Shp2 mutations are also associated with several types of human malignancies, such as the most common juvenile leukemia, juvenile myelomonocytic leukemia (JMML). Whereas NS and JMML are caused by gain-of-function (GOF) mutations of Shp2, loss-of-function (LOF) mutations are thought to be associated with LEOPARD syndrome. Animal models that carry conditional LOF and GOF mutations have allowed a better understanding of the mechanism of Shp2 function in disease, and shed light on the role of Shp2 in signaling pathways that control decisive events during embryonic development or during cellular transformation/tumorigenesis.","project":"AGAC_training","denotations":[{"id":"T26","span":{"begin":589,"end":593},"obj":"Gene"},{"id":"T27","span":{"begin":594,"end":603},"obj":"Var"},{"id":"T28","span":{"begin":613,"end":623},"obj":"Reg"},{"id":"T4","span":{"begin":709,"end":741},"obj":"Disease"},{"id":"T5","span":{"begin":758,"end":760},"obj":"Disease"},{"id":"T6","span":{"begin":765,"end":769},"obj":"Disease"},{"id":"T15","span":{"begin":784,"end":800},"obj":"PosReg"},{"id":"T17","span":{"begin":807,"end":816},"obj":"Var"},{"id":"T18","span":{"begin":820,"end":824},"obj":"Gene"},{"id":"T19","span":{"begin":826,"end":842},"obj":"NegReg"},{"id":"T21","span":{"begin":849,"end":858},"obj":"Var"},{"id":"T25","span":{"begin":893,"end":909},"obj":"Disease"}],"relations":[{"id":"R10","pred":"CauseOf","subj":"T17","obj":"T15"},{"id":"R12","pred":"ThemeOf","subj":"T18","obj":"T17"},{"id":"R13","pred":"CauseOf","subj":"T21","obj":"T19"},{"id":"R19","pred":"ThemeOf","subj":"T26","obj":"T27"},{"id":"R20","pred":"CauseOf","subj":"T27","obj":"T28"},{"id":"R22","pred":"ThemeOf","subj":"T4","obj":"T28"},{"id":"R23","pred":"ThemeOf","subj":"T5","obj":"T15"},{"id":"R24","pred":"ThemeOf","subj":"T6","obj":"T15"},{"id":"R25","pred":"ThemeOf","subj":"T25","obj":"T19"},{"id":"R26","pred":"ThemeOf","subj":"T18","obj":"T21"}]}