{"target":"http://pubannotation.org/docs/sourcedb/PubMed/sourceid/24632946","sourcedb":"PubMed","sourceid":"24632946","text":"Disruption of the temporally regulated cloaca endodermal \u03b2-catenin signaling causes anorectal malformations.\nThe cloaca is temporally formed and eventually divided by the urorectal septum (URS) during urogenital and anorectal organ development. Although congenital malformations, such as anorectal malformations (ARMs), are frequently observed during this process, the underlying pathogenic mechanisms remain unclear. \u03b2-Catenin is a critical component of canonical Wnt signaling and is essential for the regulation of cell differentiation and morphogenesis during embryogenesis. The expression of \u03b2-catenin is observed in endodermal epithelia, including URS epithelia. We modulated the \u03b2-catenin gene conditionally in endodermal epithelia by utilizing tamoxifen-inducible Cre driver line (Shh(CreERT2)). Both \u03b2-catenin loss- and gain-of-function (LOF and GOF) mutants displayed abnormal clefts in the perineal region and hypoplastic elongation of the URS. The mutants also displayed reduced cell proliferation in the URS mesenchyme. In addition, the \u03b2-catenin GOF mutants displayed reduced apoptosis and subsequently increased apoptosis in the URS epithelium. This instability possibly resulted in reduced expression levels of differentiation markers, such as keratin 1 and filaggrin, in the perineal epithelia. The expression of bone morphogenetic protein (Bmp) genes, such as Bmp4 and Bmp7, was also ectopically induced in the epithelia of the URS in the \u03b2-catenin GOF mutants. The expression of the Msx2 gene and phosphorylated-Smad1/5/8, possible readouts of Bmp signaling, was also increased in the mutants. Moreover, we introduced an additional mutation for a Bmp receptor gene: BmprIA. The Shh(CreERT2/+); \u03b2-catenin(flox(ex3)/+); BmprIA(flox/-) mutants displayed partial restoration of URS elongation compared with the \u03b2-catenin GOF mutants. These results indicate that some ARM phenotypes in the \u03b2-catenin GOF mutants were caused by abnormal Bmp signaling. The current analysis revealed the close relation of endodermal \u03b2-catenin signaling to the ARM phenotypes. These results are considered to shed light on the pathogenic mechanisms of human ARMs.","project":"AGAC_training","denotations":[{"id":"T44","span":{"begin":288,"end":311},"obj":"Disease"},{"id":"T4","span":{"begin":809,"end":818},"obj":"Protein"},{"id":"T34","span":{"begin":819,"end":823},"obj":"NegReg"},{"id":"T33","span":{"begin":829,"end":845},"obj":"PosReg"},{"id":"T3","span":{"begin":860,"end":867},"obj":"Var"},{"id":"T1","span":{"begin":887,"end":916},"obj":"CPA"},{"id":"T2","span":{"begin":921,"end":954},"obj":"CPA"},{"id":"T7","span":{"begin":960,"end":967},"obj":"Var"},{"id":"T5","span":{"begin":983,"end":990},"obj":"NegReg"},{"id":"T6","span":{"begin":991,"end":1031},"obj":"CPA"},{"id":"T10","span":{"begin":1050,"end":1059},"obj":"Protein"},{"id":"T11","span":{"begin":1064,"end":1071},"obj":"Var"},{"id":"T14","span":{"begin":1198,"end":1205},"obj":"NegReg"},{"id":"T15","span":{"begin":1206,"end":1223},"obj":"MPA"},{"id":"T35","span":{"begin":1260,"end":1269},"obj":"Protein"},{"id":"T36","span":{"begin":1274,"end":1283},"obj":"Protein"},{"id":"T16","span":{"begin":1316,"end":1326},"obj":"MPA"},{"id":"T18","span":{"begin":1330,"end":1368},"obj":"Gene"},{"id":"T37","span":{"begin":1378,"end":1382},"obj":"Gene"},{"id":"T38","span":{"begin":1387,"end":1391},"obj":"Gene"},{"id":"T19","span":{"begin":1414,"end":1421},"obj":"PosReg"},{"id":"T20","span":{"begin":1457,"end":1466},"obj":"Protein"},{"id":"T21","span":{"begin":1471,"end":1478},"obj":"Var"},{"id":"T22","span":{"begin":1484,"end":1494},"obj":"MPA"},{"id":"T23","span":{"begin":1502,"end":1511},"obj":"Gene"},{"id":"T26","span":{"begin":1551,"end":1576},"obj":"MPA"},{"id":"T25","span":{"begin":1587,"end":1596},"obj":"PosReg"},{"id":"T31","span":{"begin":1604,"end":1611},"obj":"Var"},{"id":"T39","span":{"begin":1882,"end":1885},"obj":"Disease"},{"id":"T40","span":{"begin":1904,"end":1913},"obj":"Protein"},{"id":"T41","span":{"begin":1914,"end":1917},"obj":"PosReg"},{"id":"T42","span":{"begin":1918,"end":1925},"obj":"Var"},{"id":"T43","span":{"begin":1931,"end":1940},"obj":"Reg"},{"id":"T29","span":{"begin":1950,"end":1963},"obj":"MPA"}],"relations":[{"id":"R1","pred":"ThemeOf","subj":"T4","obj":"T3"},{"id":"R12","pred":"ThemeOf","subj":"T15","obj":"T14"},{"id":"R15","pred":"CauseOf","subj":"T16","obj":"T19"},{"id":"R16","pred":"ThemeOf","subj":"T20","obj":"T21"},{"id":"R17","pred":"ThemeOf","subj":"T21","obj":"T19"},{"id":"R18","pred":"ThemeOf","subj":"T23","obj":"T22"},{"id":"R20","pred":"ThemeOf","subj":"T22","obj":"T25"},{"id":"R21","pred":"ThemeOf","subj":"T26","obj":"T25"},{"id":"R22","pred":"CauseOf","subj":"T31","obj":"T25"},{"id":"R25","pred":"CauseOf","subj":"T3","obj":"T33"},{"id":"R26","pred":"CauseOf","subj":"T3","obj":"T34"},{"id":"R27","pred":"ThemeOf","subj":"T1","obj":"T34"},{"id":"R28","pred":"ThemeOf","subj":"T2","obj":"T33"},{"id":"R29","pred":"CauseOf","subj":"T2","obj":"T34"},{"id":"R30","pred":"CauseOf","subj":"T1","obj":"T33"},{"id":"R31","pred":"ThemeOf","subj":"T35","obj":"T15"},{"id":"R32","pred":"ThemeOf","subj":"T36","obj":"T15"},{"id":"R33","pred":"CauseOf","subj":"T11","obj":"T14"},{"id":"R34","pred":"ThemeOf","subj":"T18","obj":"T16"},{"id":"R35","pred":"ThemeOf","subj":"T37","obj":"T18"},{"id":"R36","pred":"ThemeOf","subj":"T38","obj":"T18"},{"id":"R37","pred":"ThemeOf","subj":"T39","obj":"T41"},{"id":"R38","pred":"CauseOf","subj":"T42","obj":"T43"},{"id":"R39","pred":"ThemeOf","subj":"T29","obj":"T43"},{"id":"R4","pred":"CauseOf","subj":"T7","obj":"T5"},{"id":"R40","pred":"ThemeOf","subj":"T40","obj":"T42"},{"id":"R41","pred":"CauseOf","subj":"T43","obj":"T41"},{"id":"R5","pred":"ThemeOf","subj":"T6","obj":"T5"},{"id":"R6","pred":"ThemeOf","subj":"T10","obj":"T11"}]}