{"target":"http://pubannotation.org/docs/sourcedb/PubMed/sourceid/25157153","sourcedb":"PubMed","sourceid":"25157153","text":"Rare variants in PPARG with decreased activity in adipocyte differentiation are associated with increased risk of type 2 diabetes.\nPeroxisome proliferator-activated receptor gamma (PPARG) is a master transcriptional regulator of adipocyte differentiation and a canonical target of antidiabetic thiazolidinedione medications. In rare families, loss-of-function (LOF) mutations in PPARG are known to cosegregate with lipodystrophy and insulin resistance; in the general population, the common P12A variant is associated with a decreased risk of type 2 diabetes (T2D). Whether and how rare variants in PPARG and defects in adipocyte differentiation influence risk of T2D in the general population remains undetermined. By sequencing PPARG in 19,752 T2D cases and controls drawn from multiple studies and ethnic groups, we identified 49 previously unidentified, nonsynonymous PPARG variants (MAF \u003C 0.5%). Considered in aggregate (with or without computational prediction of functional consequence), these rare variants showed no association with T2D (OR = 1.35; P = 0.17). The function of the 49 variants was experimentally tested in a novel high-throughput human adipocyte differentiation assay, and nine were found to have reduced activity in the assay. Carrying any of these nine LOF variants was associated with a substantial increase in risk of T2D (OR = 7.22; P = 0.005). The combination of large-scale DNA sequencing and functional testing in the laboratory reveals that approximately 1 in 1,000 individuals carries a variant in PPARG that reduces function in a human adipocyte differentiation assay and is associated with a substantial risk of T2D.","project":"AGAC_training","denotations":[{"id":"T8","span":{"begin":343,"end":359},"obj":"NegReg"},{"id":"T4","span":{"begin":366,"end":375},"obj":"Var"},{"id":"T5","span":{"begin":379,"end":384},"obj":"Gene"},{"id":"T6","span":{"begin":415,"end":428},"obj":"Disease"},{"id":"T7","span":{"begin":433,"end":451},"obj":"Disease"},{"id":"T1","span":{"begin":491,"end":495},"obj":"Var"},{"id":"T2","span":{"begin":525,"end":534},"obj":"NegReg"},{"id":"T12","span":{"begin":543,"end":558},"obj":"Disease"},{"id":"T10","span":{"begin":1521,"end":1528},"obj":"Var"},{"id":"T9","span":{"begin":1532,"end":1537},"obj":"Gene"},{"id":"T11","span":{"begin":1543,"end":1550},"obj":"NegReg"},{"id":"T15","span":{"begin":1551,"end":1602},"obj":"CPA"},{"id":"T13","span":{"begin":1610,"end":1620},"obj":"Reg"},{"id":"T14","span":{"begin":1648,"end":1651},"obj":"Disease"}],"relations":[{"id":"R1","pred":"ThemeOf","subj":"T5","obj":"T4"},{"id":"R10","pred":"CauseOf","subj":"T10","obj":"T13"},{"id":"R11","pred":"ThemeOf","subj":"T14","obj":"T13"},{"id":"R12","pred":"ThemeOf","subj":"T5","obj":"T1"},{"id":"R2","pred":"CauseOf","subj":"T4","obj":"T8"},{"id":"R3","pred":"ThemeOf","subj":"T6","obj":"T8"},{"id":"R4","pred":"ThemeOf","subj":"T7","obj":"T8"},{"id":"R5","pred":"CauseOf","subj":"T1","obj":"T2"},{"id":"R6","pred":"ThemeOf","subj":"T12","obj":"T2"},{"id":"R7","pred":"ThemeOf","subj":"T9","obj":"T10"},{"id":"R8","pred":"CauseOf","subj":"T10","obj":"T11"},{"id":"R9","pred":"ThemeOf","subj":"T15","obj":"T11"}]}