{"target":"http://pubannotation.org/docs/sourcedb/PubMed/sourceid/29935645","sourcedb":"PubMed","sourceid":"29935645","text":"Mutational and functional studies on NR5A1 gene in 46,XY disorders of sex development: identification of six novel loss of function mutations.\nOBJECTIVE: To study the functional properties of six novel missense mutations of the NR5A1 gene encoding the steroidogenic factor 1 (SF-1) identified in six patients with 46,XY disorders of sex development (DSD) and to describe their relative phenotype-genotype relationship.\nDESIGN: Genetic and functional studies.\nSETTING: University department.\nPATIENT(S): Six 46,XY DSD patients.\nINTERVENTION(S): None.\nMAIN OUTCOME MEASURE(S): Sanger sequencing and multiplex ligation-dependent probe amplification analysis to identify the mutations or deletions/duplications of the NR5A1 gene. Functional studies by transactivation assays to predict the impact of mutations on molecular function.\nRESULT(S): NR5A1 exons sequencing identified in six 46,XY DSD patients six novel mutations: p.T40R, p.T47C, p.G328W, p.A351E, p.R427W, and p.Q460R. Five missense variants were heterozygous, and one was homozygous (p.R427W). Functional analysis revealed a significant loss of DNA-binding and transactivation ability for all variants, except for p.Q460R, which showed a modest reduced activity compared with that of the wild-type protein. Phenotypes associated with these mutations varied from males with spontaneous puberty, substantial T production, and possible fertility, to females with and without m\u00fcllerian structures and primary amenorrhea.\nCONCLUSION(S): We describe six novel mutations in NR5A1 gene and showed that they might affect protein structure, therefore compromising seriously the SF-1 role in regulating gonadal development. Clinically, we suggest that NR5A1 analysis should be performed whenever atypical sex organs are evidenced or there is an abnormal sexual development, to have proper diagnosis and better management of patients.","project":"AGAC_training","denotations":[{"id":"T2","span":{"begin":37,"end":42},"obj":"Gene"},{"id":"T1","span":{"begin":51,"end":85},"obj":"Disease"},{"id":"T3","span":{"begin":115,"end":131},"obj":"NegReg"},{"id":"T4","span":{"begin":132,"end":141},"obj":"Var"},{"id":"T11","span":{"begin":840,"end":845},"obj":"Gene"},{"id":"T17","span":{"begin":863,"end":876},"obj":"Reg"},{"id":"T12","span":{"begin":881,"end":890},"obj":"Disease"},{"id":"T5","span":{"begin":921,"end":927},"obj":"Var"},{"id":"T6","span":{"begin":929,"end":935},"obj":"Var"},{"id":"T7","span":{"begin":937,"end":944},"obj":"Var"},{"id":"T8","span":{"begin":946,"end":953},"obj":"Var"},{"id":"T9","span":{"begin":955,"end":962},"obj":"Var"},{"id":"T10","span":{"begin":968,"end":975},"obj":"Var"},{"id":"T13","span":{"begin":1096,"end":1100},"obj":"NegReg"},{"id":"T14","span":{"begin":1104,"end":1115},"obj":"Interaction"},{"id":"T15","span":{"begin":1120,"end":1135},"obj":"MPA"},{"id":"T18","span":{"begin":1513,"end":1522},"obj":"Var"},{"id":"T19","span":{"begin":1526,"end":1531},"obj":"Gene"},{"id":"T20","span":{"begin":1564,"end":1570},"obj":"Reg"},{"id":"T21","span":{"begin":1571,"end":1588},"obj":"MPA"},{"id":"T22","span":{"begin":1600,"end":1612},"obj":"NegReg"},{"id":"T23","span":{"begin":1627,"end":1631},"obj":"MPA"},{"id":"T24","span":{"begin":1651,"end":1670},"obj":"CPA"}],"relations":[{"id":"R1","pred":"CauseOf","subj":"T4","obj":"T3"},{"id":"R10","pred":"CauseOf","subj":"T10","obj":"T17"},{"id":"R11","pred":"CauseOf","subj":"T5","obj":"T17"},{"id":"R12","pred":"CauseOf","subj":"T9","obj":"T17"},{"id":"R13","pred":"CauseOf","subj":"T8","obj":"T17"},{"id":"R14","pred":"CauseOf","subj":"T7","obj":"T17"},{"id":"R15","pred":"CauseOf","subj":"T6","obj":"T17"},{"id":"R16","pred":"CauseOf","subj":"T9","obj":"T13"},{"id":"R17","pred":"ThemeOf","subj":"T12","obj":"T17"},{"id":"R18","pred":"CauseOf","subj":"T8","obj":"T13"},{"id":"R19","pred":"CauseOf","subj":"T7","obj":"T13"},{"id":"R2","pred":"ThemeOf","subj":"T2","obj":"T4"},{"id":"R20","pred":"CauseOf","subj":"T6","obj":"T13"},{"id":"R21","pred":"CauseOf","subj":"T5","obj":"T13"},{"id":"R22","pred":"ThemeOf","subj":"T14","obj":"T13"},{"id":"R23","pred":"ThemeOf","subj":"T15","obj":"T13"},{"id":"R24","pred":"ThemeOf","subj":"T19","obj":"T18"},{"id":"R25","pred":"CauseOf","subj":"T18","obj":"T20"},{"id":"R26","pred":"ThemeOf","subj":"T21","obj":"T20"},{"id":"R27","pred":"CauseOf","subj":"T20","obj":"T22"},{"id":"R28","pred":"ThemeOf","subj":"T23","obj":"T22"},{"id":"R29","pred":"ThemeOf","subj":"T24","obj":"T22"},{"id":"R3","pred":"ThemeOf","subj":"T1","obj":"T3"},{"id":"R4","pred":"ThemeOf","subj":"T11","obj":"T5"},{"id":"R5","pred":"ThemeOf","subj":"T11","obj":"T10"},{"id":"R6","pred":"ThemeOf","subj":"T11","obj":"T9"},{"id":"R7","pred":"ThemeOf","subj":"T11","obj":"T8"},{"id":"R8","pred":"ThemeOf","subj":"T11","obj":"T7"},{"id":"R9","pred":"ThemeOf","subj":"T11","obj":"T6"}]}