{"target":"http://pubannotation.org/docs/sourcedb/PubMed/sourceid/28817352","sourcedb":"PubMed","sourceid":"28817352","text":"ARHGAP29 Mutation Is Associated with Abnormal Oral Epithelial Adhesions.\nNonsyndromic cleft lip and/or palate (NSCL/P) is a prevalent birth defect of complex etiology. Previous studies identified mutations in ARHGAP29 associated with an increased risk for NSCL/P. To investigate the effects of ARHGAP29 in vivo, we generated a novel murine allele by inserting a point mutation identified in a patient with NSCL/P. This single-nucleotide variation of ARHGAP29 translates to an early nonsense mutation (K326X), presumably resulting in loss-of-function (LoF). Embryos from Arhgap29(K326X/+) intercrosses were harvested at various time points. No homozygous Arhgap29(K326X) animals were found in the 45 analyzed litters, assessed as early as embryonic day 8.5 (e8.5). Coronal sectioning of e13.5 and e14.5 heads revealed that 59% of Arhgap29(K326X/+) mice ( n = 37) exhibited improper epithelial contact between developing oral structures, while none were observed in wild types ( n = 10). In addition, Arhgap29(K326X/+) embryos exhibited a significantly higher percentage of maxillary epithelium in contact with mandibular epithelium. Immunofluorescent analyses of the periderm and oral adhesions revealed the presence of Arhgap29 in periderm cells. These cells were p63 negative, keratin 17 positive, and keratin 6 positive and present at sites of adhesion, although occasionally disorganized. Oral adhesions did not appear to impair palatogenesis, as all analyzed Arhgap29(K326X/+) embryos showed confluent palatal mesenchyme and epithelium at e18.5 ( n = 16), and no mice were found with a cleft at birth. Collectively, our data demonstrate that ARHGAP29 is required for embryonic survival and that heterozygosity for LoF variants of Arhgap29 increases the incidence and length of oral adhesions at a critical time point during orofacial development. In conclusion, we validate the LoF nature of the human K326X mutation in vivo and reveal a previously unknown effect of Arhgap29 in murine craniofacial development.","project":"AGAC_training","denotations":[{"id":"T19","span":{"begin":73,"end":109},"obj":"Disease"},{"id":"T2","span":{"begin":196,"end":205},"obj":"Var"},{"id":"T1","span":{"begin":209,"end":217},"obj":"Gene"},{"id":"T18","span":{"begin":218,"end":228},"obj":"Reg"},{"id":"T4","span":{"begin":256,"end":262},"obj":"Disease"},{"id":"T5","span":{"begin":419,"end":446},"obj":"Var"},{"id":"T6","span":{"begin":450,"end":458},"obj":"Gene"},{"id":"T7","span":{"begin":501,"end":506},"obj":"Var"},{"id":"T8","span":{"begin":533,"end":549},"obj":"NegReg"},{"id":"T9","span":{"begin":1718,"end":1721},"obj":"NegReg"},{"id":"T10","span":{"begin":1722,"end":1730},"obj":"Var"},{"id":"T11","span":{"begin":1734,"end":1742},"obj":"Gene"},{"id":"T12","span":{"begin":1743,"end":1752},"obj":"PosReg"},{"id":"T13","span":{"begin":1757,"end":1849},"obj":"CPA"},{"id":"T14","span":{"begin":1882,"end":1885},"obj":"NegReg"},{"id":"T15","span":{"begin":1906,"end":1920},"obj":"Var"},{"id":"T16","span":{"begin":1971,"end":1979},"obj":"Gene"},{"id":"T17","span":{"begin":1990,"end":2014},"obj":"CPA"}],"relations":[{"id":"R10","pred":"CauseOf","subj":"T10","obj":"T9"},{"id":"R11","pred":"ThemeOf","subj":"T11","obj":"T10"},{"id":"R12","pred":"CauseOf","subj":"T10","obj":"T12"},{"id":"R13","pred":"ThemeOf","subj":"T13","obj":"T12"},{"id":"R14","pred":"CauseOf","subj":"T2","obj":"T18"},{"id":"R15","pred":"ThemeOf","subj":"T4","obj":"T18"},{"id":"R3","pred":"ThemeOf","subj":"T1","obj":"T2"},{"id":"R4","pred":"CauseOf","subj":"T5","obj":"T8"},{"id":"R5","pred":"ThemeOf","subj":"T7","obj":"T5"},{"id":"R6","pred":"ThemeOf","subj":"T6","obj":"T5"},{"id":"R7","pred":"CauseOf","subj":"T15","obj":"T14"},{"id":"R8","pred":"ThemeOf","subj":"T17","obj":"T14"},{"id":"R9","pred":"ThemeOf","subj":"T16","obj":"T15"}]}