{"target":"http://pubannotation.org/docs/sourcedb/PubMed/sourceid/20696700","sourcedb":"PubMed","sourceid":"20696700","text":"Mutant p53 facilitates somatic cell reprogramming and augments the malignant potential of reprogrammed cells.\np53 deficiency enhances the efficiency of somatic cell reprogramming to a pluripotent state. As p53 is usually mutated in human tumors and many mutated forms of p53 gain novel activities, we studied the influence of mutant p53 (mut-p53) on somatic cell reprogramming. Our data indicate a novel gain of function (GOF) property for mut-p53, which markedly enhanced the efficiency of the reprogramming process compared with p53 deficiency. Importantly, this novel activity of mut-p53 induced alterations in the characteristics of the reprogrammed cells. Although p53 knockout (KO) cells reprogrammed with only Oct4 and Sox2 maintained their pluripotent capacity in vivo, reprogrammed cells expressing mutant p53 lost this capability and gave rise to malignant tumors. This novel GOF of mut-p53 is not attributed to its effect on proliferation, as both p53 KO and mut-p53 cells displayed similar proliferation rates. In addition, we demonstrate an oncogenic activity of Klf4, as its overexpression in either p53 KO or mut-p53 cells induced aggressive tumors. Overall, our data show that reprogrammed cells with the capacity to differentiate into the three germ layers in vitro can form malignant tumors, suggesting that in genetically unstable cells, such as those in which p53 is mutated, reprogramming may result in the generation of cells with malignant tumor-forming potential.","project":"AGAC_training","denotations":[{"id":"T1","span":{"begin":0,"end":6},"obj":"Var"},{"id":"T2","span":{"begin":7,"end":10},"obj":"Gene"},{"id":"T3","span":{"begin":11,"end":22},"obj":"PosReg"},{"id":"T4","span":{"begin":23,"end":49},"obj":"CPA"},{"id":"T5","span":{"begin":54,"end":62},"obj":"NegReg"},{"id":"T6","span":{"begin":67,"end":108},"obj":"CPA"},{"id":"T7","span":{"begin":110,"end":113},"obj":"Gene"},{"id":"T8","span":{"begin":114,"end":124},"obj":"Var"},{"id":"T9","span":{"begin":125,"end":133},"obj":"PosReg"},{"id":"T10","span":{"begin":152,"end":178},"obj":"CPA"},{"id":"T11","span":{"begin":254,"end":261},"obj":"Var"},{"id":"T12","span":{"begin":271,"end":274},"obj":"Gene"},{"id":"T13","span":{"begin":275,"end":279},"obj":"PosReg"},{"id":"T14","span":{"begin":286,"end":296},"obj":"MPA"},{"id":"T15","span":{"begin":404,"end":408},"obj":"PosReg"},{"id":"T16","span":{"begin":412,"end":420},"obj":"MPA"},{"id":"T17","span":{"begin":440,"end":447},"obj":"Var"},{"id":"T18","span":{"begin":464,"end":472},"obj":"PosReg"},{"id":"T19","span":{"begin":495,"end":516},"obj":"CPA"},{"id":"T21","span":{"begin":571,"end":579},"obj":"MPA"},{"id":"T20","span":{"begin":583,"end":586},"obj":"Var"},{"id":"T40","span":{"begin":587,"end":590},"obj":"Gene"},{"id":"T22","span":{"begin":599,"end":610},"obj":"Reg"},{"id":"T23","span":{"begin":618,"end":659},"obj":"CPA"},{"id":"T27","span":{"begin":748,"end":768},"obj":"MPA"},{"id":"T24","span":{"begin":808,"end":814},"obj":"Var"},{"id":"T25","span":{"begin":815,"end":818},"obj":"Gene"},{"id":"T26","span":{"begin":819,"end":823},"obj":"NegReg"},{"id":"T28","span":{"begin":844,"end":853},"obj":"Reg"},{"id":"T29","span":{"begin":857,"end":873},"obj":"CPA"},{"id":"T30","span":{"begin":1054,"end":1072},"obj":"MPA"},{"id":"T34","span":{"begin":1089,"end":1103},"obj":"PosReg"},{"id":"T31","span":{"begin":1124,"end":1127},"obj":"Var"},{"id":"T41","span":{"begin":1128,"end":1131},"obj":"Gene"},{"id":"T32","span":{"begin":1138,"end":1145},"obj":"PosReg"},{"id":"T33","span":{"begin":1146,"end":1163},"obj":"CPA"},{"id":"T35","span":{"begin":1380,"end":1383},"obj":"Gene"},{"id":"T36","span":{"begin":1387,"end":1394},"obj":"Var"},{"id":"T37","span":{"begin":1396,"end":1409},"obj":"CPA"},{"id":"T38","span":{"begin":1414,"end":1423},"obj":"Reg"},{"id":"T39","span":{"begin":1442,"end":1486},"obj":"CPA"}],"relations":[{"id":"R1","pred":"ThemeOf","subj":"T2","obj":"T1"},{"id":"R10","pred":"ThemeOf","subj":"T14","obj":"T13"},{"id":"R11","pred":"ThemeOf","subj":"T12","obj":"T11"},{"id":"R12","pred":"CauseOf","subj":"T17","obj":"T15"},{"id":"R13","pred":"ThemeOf","subj":"T16","obj":"T15"},{"id":"R14","pred":"CauseOf","subj":"T17","obj":"T18"},{"id":"R15","pred":"ThemeOf","subj":"T19","obj":"T18"},{"id":"R16","pred":"ThemeOf","subj":"T21","obj":"T20"},{"id":"R17","pred":"CauseOf","subj":"T20","obj":"T22"},{"id":"R18","pred":"ThemeOf","subj":"T23","obj":"T22"},{"id":"R19","pred":"CauseOf","subj":"T24","obj":"T26"},{"id":"R2","pred":"CauseOf","subj":"T1","obj":"T3"},{"id":"R20","pred":"ThemeOf","subj":"T27","obj":"T26"},{"id":"R21","pred":"ThemeOf","subj":"T25","obj":"T24"},{"id":"R22","pred":"CauseOf","subj":"T24","obj":"T28"},{"id":"R23","pred":"ThemeOf","subj":"T29","obj":"T28"},{"id":"R24","pred":"ThemeOf","subj":"T34","obj":"T31"},{"id":"R25","pred":"CauseOf","subj":"T31","obj":"T32"},{"id":"R26","pred":"ThemeOf","subj":"T33","obj":"T32"},{"id":"R27","pred":"ThemeOf","subj":"T30","obj":"T31"},{"id":"R28","pred":"ThemeOf","subj":"T35","obj":"T36"},{"id":"R29","pred":"CauseOf","subj":"T36","obj":"T37"},{"id":"R3","pred":"ThemeOf","subj":"T4","obj":"T3"},{"id":"R30","pred":"CauseOf","subj":"T37","obj":"T38"},{"id":"R31","pred":"ThemeOf","subj":"T39","obj":"T38"},{"id":"R32","pred":"ThemeOf","subj":"T40","obj":"T20"},{"id":"R33","pred":"ThemeOf","subj":"T41","obj":"T31"},{"id":"R4","pred":"CauseOf","subj":"T1","obj":"T5"},{"id":"R5","pred":"ThemeOf","subj":"T6","obj":"T5"},{"id":"R6","pred":"ThemeOf","subj":"T7","obj":"T8"},{"id":"R7","pred":"CauseOf","subj":"T8","obj":"T9"},{"id":"R8","pred":"ThemeOf","subj":"T10","obj":"T9"},{"id":"R9","pred":"CauseOf","subj":"T11","obj":"T13"}]}