{"target":"http://pubannotation.org/docs/sourcedb/PubMed/sourceid/18031991","sourcedb":"PubMed","sourceid":"18031991","text":"Isolation and characterization of a novel human RGS mutant displaying gain-of-function activity.\nRegulator of G protein signaling (RGS) proteins play a crucial role in the adaptation of cells to stimulation by G protein-coupled receptors via heterotrimeric G proteins. Alterations in RGS function have been implicated in a wide range of disease states, leading to many researchers focusing on controlling the action of these regulatory proteins. Previous studies have centered on reducing or inhibiting the action of RGS proteins, utilizing inactive mutants or small molecular RGS inhibitors. Here we describe the isolation and characterization of a novel human RGS4 mutant which displays enhanced or gain-of-function (GOF) activity. RGS4(S30C) demonstrates GOF activity both in an in vivo yeast-based signalling pathway and in vitro against the Galpha(o1) subunit contained in an alpha(2A)-adrenoreceptor-Galpha(o1)(C351I) fusion protein. Mutational analysis of serine 30 identified a number of alternative substitutions that result in GOF activity. GOF activity was retained upon transposition of the serine 30-cysteine mutation to the equivalent serine residue in human RGS16. As with previously identified GOF mutants, RGS4(S30C/S30F/S30K) demonstrate increased steady state protein levels, however these mutants also demonstrate enhanced GAP activity through an additional mechanism distinct from the increased protein content. The identification of human RGS mutants with GOF activity may provide novel therapeutic agents for the treatment of signaling-based diseases and the ability to transpose these mutations to other human RGS proteins extends their application to multiple pathways.","project":"AGAC_training","denotations":[{"id":"T1","span":{"begin":195,"end":206},"obj":"PosReg"},{"id":"T3","span":{"begin":210,"end":237},"obj":"Protein"},{"id":"T4","span":{"begin":242,"end":267},"obj":"Protein"},{"id":"T9","span":{"begin":269,"end":280},"obj":"Var"},{"id":"T26","span":{"begin":284,"end":287},"obj":"Protein"},{"id":"T8","span":{"begin":307,"end":317},"obj":"Reg"},{"id":"T5","span":{"begin":337,"end":344},"obj":"Disease"},{"id":"T12","span":{"begin":662,"end":673},"obj":"Var"},{"id":"T13","span":{"begin":689,"end":697},"obj":"PosReg"},{"id":"T25","span":{"begin":701,"end":717},"obj":"PosReg"},{"id":"T14","span":{"begin":790,"end":820},"obj":"Pathway"},{"id":"T15","span":{"begin":846,"end":938},"obj":"Protein"},{"id":"T19","span":{"begin":1223,"end":1227},"obj":"Var"},{"id":"T27","span":{"begin":1228,"end":1232},"obj":"Var"},{"id":"T28","span":{"begin":1233,"end":1237},"obj":"Var"},{"id":"T29","span":{"begin":1238,"end":1242},"obj":"Var"},{"id":"T20","span":{"begin":1256,"end":1265},"obj":"PosReg"},{"id":"T21","span":{"begin":1279,"end":1293},"obj":"MPA"},{"id":"T23","span":{"begin":1334,"end":1342},"obj":"PosReg"},{"id":"T24","span":{"begin":1343,"end":1355},"obj":"MPA"}],"relations":[{"id":"R1","pred":"CauseOf","subj":"T4","obj":"T1"},{"id":"R11","pred":"CauseOf","subj":"T19","obj":"T20"},{"id":"R12","pred":"ThemeOf","subj":"T21","obj":"T20"},{"id":"R14","pred":"ThemeOf","subj":"T24","obj":"T23"},{"id":"R15","pred":"CauseOf","subj":"T12","obj":"T25"},{"id":"R16","pred":"ThemeOf","subj":"T14","obj":"T25"},{"id":"R17","pred":"ThemeOf","subj":"T15","obj":"T25"},{"id":"R18","pred":"ThemeOf","subj":"T26","obj":"T9"},{"id":"R19","pred":"CauseOf","subj":"T19","obj":"T23"},{"id":"R2","pred":"ThemeOf","subj":"T3","obj":"T1"},{"id":"R20","pred":"ThemeOf","subj":"T27","obj":"T19"},{"id":"R21","pred":"ThemeOf","subj":"T28","obj":"T19"},{"id":"R22","pred":"ThemeOf","subj":"T29","obj":"T19"},{"id":"R3","pred":"CauseOf","subj":"T9","obj":"T8"},{"id":"R4","pred":"ThemeOf","subj":"T5","obj":"T8"},{"id":"R6","pred":"CauseOf","subj":"T12","obj":"T13"},{"id":"R7","pred":"ThemeOf","subj":"T14","obj":"T13"},{"id":"R8","pred":"ThemeOf","subj":"T15","obj":"T13"}]}