{"target":"http://pubannotation.org/docs/sourcedb/PubMed/sourceid/17435236","sourcedb":"PubMed","sourceid":"17435236","text":"Genetic modifiers of the Drosophila blue cheese gene link defects in lysosomal transport with decreased life span and altered ubiquitinated-protein profiles.\nDefects in lysosomal trafficking pathways lead to decreased cell viability and are associated with progressive disorders in humans. Previously we have found that loss-of-function (LOF) mutations in the Drosophila gene blue cheese (bchs) lead to reduced adult life span, increased neuronal death, and widespread CNS degeneration that is associated with the formation of ubiquitinated-protein aggregates. To identify potential genes that participate in the bchs functional pathway, we conducted a genetic modifier screen based on alterations of an eye phenotype that arises from high-level overexpression of Bchs. We found that mutations in select autophagic and endocytic trafficking genes, defects in cytoskeletal and motor proteins, as well as mutations in the SUMO and ubiquitin signaling pathways behave as modifiers of the Bchs gain-of-function (GOF) eye phenotype. Individual mutant alleles that produced viable adults were further examined for bchs-like phenotypes. Mutations in several lysosomal trafficking genes resulted in significantly decreased adult life spans and several mutants showed changes in ubiquitinated protein profiles as young adults. This work represents a novel approach to examine the role that lysosomal transport and function have on adult viability. The genes characterized in this study have direct human homologs, suggesting that similar defects in lysosomal transport may play a role in human health and age-related processes.","project":"AGAC_training","denotations":[{"id":"T1","span":{"begin":343,"end":352},"obj":"Var"},{"id":"T4","span":{"begin":389,"end":393},"obj":"Gene"},{"id":"T13","span":{"begin":403,"end":410},"obj":"NegReg"},{"id":"T14","span":{"begin":411,"end":426},"obj":"CPA"},{"id":"T2","span":{"begin":428,"end":437},"obj":"PosReg"},{"id":"T3","span":{"begin":438,"end":452},"obj":"CPA"},{"id":"T6","span":{"begin":458,"end":472},"obj":"CPA"},{"id":"T5","span":{"begin":473,"end":485},"obj":"NegReg"},{"id":"T7","span":{"begin":1130,"end":1139},"obj":"Var"},{"id":"T8","span":{"begin":1151,"end":1178},"obj":"Gene"},{"id":"T9","span":{"begin":1205,"end":1214},"obj":"NegReg"},{"id":"T12","span":{"begin":1215,"end":1231},"obj":"CPA"},{"id":"T10","span":{"begin":1259,"end":1266},"obj":"Reg"},{"id":"T11","span":{"begin":1270,"end":1300},"obj":"MPA"}],"relations":[{"id":"R1","pred":"ThemeOf","subj":"T4","obj":"T1"},{"id":"R10","pred":"ThemeOf","subj":"T11","obj":"T10"},{"id":"R11","pred":"CauseOf","subj":"T1","obj":"T13"},{"id":"R12","pred":"ThemeOf","subj":"T14","obj":"T13"},{"id":"R2","pred":"CauseOf","subj":"T1","obj":"T2"},{"id":"R3","pred":"ThemeOf","subj":"T3","obj":"T2"},{"id":"R4","pred":"CauseOf","subj":"T1","obj":"T5"},{"id":"R5","pred":"ThemeOf","subj":"T6","obj":"T5"},{"id":"R6","pred":"ThemeOf","subj":"T8","obj":"T7"},{"id":"R7","pred":"CauseOf","subj":"T7","obj":"T9"},{"id":"R8","pred":"ThemeOf","subj":"T12","obj":"T9"},{"id":"R9","pred":"CauseOf","subj":"T7","obj":"T10"}]}