{"target":"http://pubannotation.org/docs/sourcedb/PubMed/sourceid/28743761","sourcedb":"PubMed","sourceid":"28743761","text":"Naturally-Segregating Variation at Ugt86Dd Contributes to Nicotine Resistance in Drosophila melanogaster.\nIdentifying the sequence polymorphisms underlying complex trait variation is a key goal of genetics research, since knowing the precise causative molecular events allows insight into the pathways governing trait variation. Genetic analysis of complex traits in model systems regularly starts by constructing QTL maps, but generally fails to identify causative sequence polymorphisms. Previously we mapped a series of QTL contributing to resistance to nicotine in a Drosophila melanogaster multiparental mapping resource, and here use a battery of functional tests to resolve QTL to the molecular level. One large-effect QTL resided over a cluster of UDP-glucuronosyltransferases, and quantitative complementation tests using deficiencies eliminating subsets of these detoxification genes revealed allelic variation impacting resistance. RNAseq showed that Ugt86Dd had significantly higher expression in genotypes that are more resistant to nicotine, and anterior midgut-specific RNAi of this gene reduced resistance. We discovered a segregating 22-bp frameshift deletion in Ugt86Dd, and accounting for the InDel during mapping largely eliminates the QTL, implying the event explains the bulk of the effect of the mapped locus. CRISPR/Cas9 editing a relatively resistant genotype to generate lesions in Ugt86Dd that recapitulate the naturally-occurring putative loss-of-function allele leads to a large reduction in resistance. Despite this major effect of the deletion, the allele appears to be very rare in wild-caught populations, and likely explains only a small fraction of the natural variation for the trait. Nonetheless, this putatively causative coding InDel can be a launchpad for future mechanistic exploration of xenobiotic detoxification.","project":"AGAC_training","denotations":[{"id":"T2","span":{"begin":22,"end":31},"obj":"Var"},{"id":"T1","span":{"begin":35,"end":42},"obj":"Gene"},{"id":"T3","span":{"begin":43,"end":54},"obj":"Reg"},{"id":"T4","span":{"begin":58,"end":104},"obj":"MPA"},{"id":"T5","span":{"begin":1157,"end":1176},"obj":"Var"},{"id":"T6","span":{"begin":1180,"end":1187},"obj":"Gene"},{"id":"T7","span":{"begin":1241,"end":1251},"obj":"NegReg"},{"id":"T8","span":{"begin":1256,"end":1259},"obj":"MPA"},{"id":"T10","span":{"begin":1397,"end":1404},"obj":"Var"},{"id":"T11","span":{"begin":1408,"end":1415},"obj":"Gene"},{"id":"T9","span":{"begin":1467,"end":1483},"obj":"NegReg"},{"id":"T12","span":{"begin":1508,"end":1517},"obj":"NegReg"},{"id":"T13","span":{"begin":1521,"end":1531},"obj":"MPA"}],"relations":[{"id":"R1","pred":"CauseOf","subj":"T2","obj":"T3"},{"id":"R10","pred":"ThemeOf","subj":"T11","obj":"T10"},{"id":"R2","pred":"ThemeOf","subj":"T1","obj":"T2"},{"id":"R3","pred":"ThemeOf","subj":"T4","obj":"T3"},{"id":"R4","pred":"CauseOf","subj":"T5","obj":"T7"},{"id":"R5","pred":"ThemeOf","subj":"T8","obj":"T7"},{"id":"R6","pred":"ThemeOf","subj":"T6","obj":"T5"},{"id":"R7","pred":"CauseOf","subj":"T10","obj":"T9"},{"id":"R8","pred":"CauseOf","subj":"T10","obj":"T12"},{"id":"R9","pred":"ThemeOf","subj":"T13","obj":"T12"}]}