{"target":"http://pubannotation.org/docs/sourcedb/PubMed/sourceid/29343805","sourcedb":"PubMed","sourceid":"29343805","text":"Biallelic variants in KIF14 cause intellectual disability with microcephaly.\nKinesin proteins are critical for various cellular functions such as intracellular transport and cell division, and many members of the family have been linked to monogenic disorders and cancer. We report eight individuals with intellectual disability and microcephaly from four unrelated families with parental consanguinity. In the affected individuals of each family, homozygosity for likely pathogenic variants in KIF14 were detected; two loss-of-function (p.Asn83Ilefs*3 and p.Ser1478fs), and two missense substitutions (p.Ser841Phe and p.Gly459Arg). KIF14 is a mitotic motor protein that is required for spindle localization of the mitotic citron rho-interacting kinase, CIT, also mutated in microcephaly. Our results demonstrate the involvement of KIF14 in development and reveal a wide phenotypic variability ranging from fetal lethality to moderate developmental delay and microcephaly.","project":"AGAC_training","denotations":[{"id":"T1","span":{"begin":0,"end":18},"obj":"Var"},{"id":"T2","span":{"begin":22,"end":27},"obj":"Gene"},{"id":"T3","span":{"begin":28,"end":33},"obj":"Reg"},{"id":"T4","span":{"begin":34,"end":57},"obj":"Disease"},{"id":"T5","span":{"begin":63,"end":75},"obj":"Disease"},{"id":"T10","span":{"begin":472,"end":482},"obj":"CPA"},{"id":"T12","span":{"begin":495,"end":500},"obj":"Gene"},{"id":"T13","span":{"begin":520,"end":536},"obj":"NegReg"},{"id":"T14","span":{"begin":538,"end":552},"obj":"Var"},{"id":"T15","span":{"begin":557,"end":568},"obj":"Var"},{"id":"T18","span":{"begin":579,"end":601},"obj":"Reg"},{"id":"T16","span":{"begin":603,"end":614},"obj":"Var"},{"id":"T17","span":{"begin":619,"end":630},"obj":"Var"},{"id":"T6","span":{"begin":754,"end":757},"obj":"Gene"},{"id":"T7","span":{"begin":764,"end":771},"obj":"Var"},{"id":"T9","span":{"begin":772,"end":774},"obj":"Reg"},{"id":"T8","span":{"begin":775,"end":787},"obj":"Disease"}],"relations":[{"id":"R1","pred":"ThemeOf","subj":"T2","obj":"T1"},{"id":"R10","pred":"CauseOf","subj":"T14","obj":"T13"},{"id":"R11","pred":"CauseOf","subj":"T15","obj":"T13"},{"id":"R12","pred":"ThemeOf","subj":"T10","obj":"T13"},{"id":"R13","pred":"ThemeOf","subj":"T12","obj":"T16"},{"id":"R14","pred":"ThemeOf","subj":"T12","obj":"T17"},{"id":"R15","pred":"ThemeOf","subj":"T10","obj":"T18"},{"id":"R16","pred":"CauseOf","subj":"T16","obj":"T18"},{"id":"R17","pred":"CauseOf","subj":"T17","obj":"T18"},{"id":"R2","pred":"ThemeOf","subj":"T4","obj":"T3"},{"id":"R3","pred":"ThemeOf","subj":"T5","obj":"T3"},{"id":"R4","pred":"CauseOf","subj":"T1","obj":"T3"},{"id":"R5","pred":"ThemeOf","subj":"T6","obj":"T7"},{"id":"R6","pred":"ThemeOf","subj":"T8","obj":"T9"},{"id":"R7","pred":"CauseOf","subj":"T7","obj":"T9"},{"id":"R8","pred":"ThemeOf","subj":"T12","obj":"T14"},{"id":"R9","pred":"ThemeOf","subj":"T12","obj":"T15"}]}