{"target":"http://pubannotation.org/docs/sourcedb/PubMed/sourceid/28993478","sourcedb":"PubMed","sourceid":"28993478","text":"Effect of Mutant p53 Proteins on Glycolysis and Mitochondrial Metabolism.\nTP53 is one of the most commonly mutated genes in human cancers. Unlike other tumor suppressors that are frequently deleted or acquire loss-of-function mutations, the majority of TP53 mutations in tumors are missense substitutions, which lead to the expression of full-length mutant proteins that accumulate in cancer cells and may confer unique gain-of-function (GOF) activities to promote tumorigenic events. Recently, mutant p53 proteins have been shown to mediate metabolic changes as a novel GOF to promote tumor development. There is a strong rationale that the GOF activities, including alterations in cellular metabolism, might vary between the different p53 mutants. Accordingly, the effect of different mutant p53 proteins on cancer cell metabolism is largely unknown. In this study, we have metabolically profiled several individual frequently occurring p53 mutants in cancers, focusing on glycolytic and mitochondrial oxidative phosphorylation pathways. Our investigation highlights the diversity of different p53 mutants in terms of their effect on metabolism, which might provide a foundation for the development of more effective targeted pharmacological approaches toward variants of mutant p53.","project":"AGAC_training","denotations":[{"id":"T3","span":{"begin":0,"end":6},"obj":"Reg"},{"id":"T1","span":{"begin":10,"end":16},"obj":"Var"},{"id":"T24","span":{"begin":17,"end":20},"obj":"Gene"},{"id":"T2","span":{"begin":21,"end":29},"obj":"Protein"},{"id":"T4","span":{"begin":33,"end":43},"obj":"MPA"},{"id":"T5","span":{"begin":48,"end":72},"obj":"MPA"},{"id":"T6","span":{"begin":253,"end":257},"obj":"Gene"},{"id":"T7","span":{"begin":258,"end":267},"obj":"Var"},{"id":"T8","span":{"begin":282,"end":304},"obj":"Var"},{"id":"T9","span":{"begin":324,"end":334},"obj":"MPA"},{"id":"T10","span":{"begin":350,"end":356},"obj":"Var"},{"id":"T11","span":{"begin":357,"end":365},"obj":"Protein"},{"id":"T12","span":{"begin":371,"end":381},"obj":"PosReg"},{"id":"T13","span":{"begin":420,"end":436},"obj":"PosReg"},{"id":"T14","span":{"begin":443,"end":453},"obj":"MPA"},{"id":"T15","span":{"begin":457,"end":464},"obj":"PosReg"},{"id":"T16","span":{"begin":465,"end":483},"obj":"CPA"},{"id":"T17","span":{"begin":495,"end":501},"obj":"Var"},{"id":"T18","span":{"begin":502,"end":505},"obj":"Gene"},{"id":"T19","span":{"begin":506,"end":514},"obj":"Protein"},{"id":"T20","span":{"begin":542,"end":559},"obj":"CPA"},{"id":"T21","span":{"begin":571,"end":574},"obj":"PosReg"},{"id":"T22","span":{"begin":578,"end":585},"obj":"PosReg"},{"id":"T23","span":{"begin":586,"end":603},"obj":"CPA"}],"relations":[{"id":"R1","pred":"CauseOf","subj":"T1","obj":"T3"},{"id":"R10","pred":"ThemeOf","subj":"T11","obj":"T10"},{"id":"R11","pred":"ThemeOf","subj":"T14","obj":"T13"},{"id":"R12","pred":"CauseOf","subj":"T12","obj":"T13"},{"id":"R13","pred":"CauseOf","subj":"T13","obj":"T15"},{"id":"R14","pred":"ThemeOf","subj":"T16","obj":"T15"},{"id":"R15","pred":"ThemeOf","subj":"T23","obj":"T22"},{"id":"R16","pred":"CauseOf","subj":"T21","obj":"T22"},{"id":"R17","pred":"CauseOf","subj":"T17","obj":"T21"},{"id":"R18","pred":"ThemeOf","subj":"T20","obj":"T21"},{"id":"R19","pred":"ThemeOf","subj":"T19","obj":"T17"},{"id":"R2","pred":"ThemeOf","subj":"T4","obj":"T3"},{"id":"R20","pred":"ThemeOf","subj":"T18","obj":"T19"},{"id":"R21","pred":"ThemeOf","subj":"T24","obj":"T2"},{"id":"R3","pred":"ThemeOf","subj":"T5","obj":"T3"},{"id":"R4","pred":"ThemeOf","subj":"T2","obj":"T1"},{"id":"R5","pred":"ThemeOf","subj":"T6","obj":"T7"},{"id":"R6","pred":"CauseOf","subj":"T7","obj":"T12"},{"id":"R7","pred":"CauseOf","subj":"T8","obj":"T7"},{"id":"R8","pred":"ThemeOf","subj":"T11","obj":"T9"},{"id":"R9","pred":"ThemeOf","subj":"T9","obj":"T12"}]}