{"target":"http://pubannotation.org/docs/sourcedb/PubMed/sourceid/19338054","sourcedb":"PubMed","sourceid":"19338054","text":"Identification and functional analysis of novel variants of the human melanocortin 1 receptor found in melanoma patients.\nThe melanocortin 1 receptor, a Gs protein-coupled receptor expressed in epidermal melanocytes, is a major determinant of skin pigmentation and phototype and an important contributor to melanoma risk. MC1R activation stimulates synthesis of black, strongly photoprotective eumelanin pigments. Several MC1R alleles are associated with red hair, fair skin, increased sensitivity to ultraviolet radiation, and increased skin cancer risk. The MC1R gene is highly polymorphic, but only a few naturally occurring alleles have been functionally characterized, which complicates the establishment of accurate correlations between the signaling properties of mutant alleles and defined cutaneous phenotypes. We report the functional characterization of six MC1R alleles found in Spanish melanoma patients. Two variants (c.152T\u003EC, p.Val51Ala and c.865T\u003EC, p.Cys289Arg) have never been described, and the others (c.112G\u003EA, p.Val38Met; c.122C\u003ET, p.Ser41Phe; c.383T\u003EC, p.Met128Thr; and c.842A\u003EG, p.Asn281Ser) have not been analyzed for function. p.Asn281Ser corresponds to a functionally silent polymorphism. The other mutations are associated with varying degrees of loss of function (LOF), from moderate decreases in coupling to the cAMP pathway (p.Val38Met and p.Val51Ala) to nearly complete absence of functional coupling (p.Ser41Phe, p.Met128Thr, and p.Cys289Arg). The LOF p.Met128Thr and p.Cys289Arg mutants are trafficked to the cell surface, but are unable to bind agonists efficiently. Conversely, LOF of p.Val38Met, p.Ser41Phe, and p.Val51Ala is due to reduced cell surface expression as a consequence of retention in the endoplasmic reticulum (ER). Therefore, LOF of MC1R alleles is frequently associated with aberrant forward trafficking and accumulation within the ER or with inability to bind properly the activatory ligand.","project":"AGAC_training","denotations":[{"id":"T38","span":{"begin":869,"end":873},"obj":"Gene"},{"id":"T35","span":{"begin":899,"end":907},"obj":"Disease"},{"id":"T13","span":{"begin":1154,"end":1165},"obj":"Var"},{"id":"T11","span":{"begin":1196,"end":1202},"obj":"NegReg"},{"id":"T12","span":{"begin":1203,"end":1215},"obj":"MPA"},{"id":"T19","span":{"begin":1314,"end":1323},"obj":"NegReg"},{"id":"T18","span":{"begin":1327,"end":1335},"obj":"MPA"},{"id":"T20","span":{"begin":1343,"end":1355},"obj":"Pathway"},{"id":"T26","span":{"begin":1357,"end":1367},"obj":"Var"},{"id":"T27","span":{"begin":1372,"end":1382},"obj":"Var"},{"id":"T22","span":{"begin":1403,"end":1410},"obj":"NegReg"},{"id":"T21","span":{"begin":1414,"end":1433},"obj":"MPA"},{"id":"T28","span":{"begin":1435,"end":1445},"obj":"Var"},{"id":"T29","span":{"begin":1447,"end":1458},"obj":"Var"},{"id":"T30","span":{"begin":1464,"end":1475},"obj":"Var"},{"id":"T32","span":{"begin":1486,"end":1497},"obj":"Var"},{"id":"T31","span":{"begin":1502,"end":1513},"obj":"Var"},{"id":"T33","span":{"begin":1566,"end":1572},"obj":"NegReg"},{"id":"T34","span":{"begin":1576,"end":1580},"obj":"Interaction"},{"id":"T23","span":{"begin":1622,"end":1632},"obj":"Var"},{"id":"T36","span":{"begin":1634,"end":1645},"obj":"Var"},{"id":"T37","span":{"begin":1650,"end":1660},"obj":"Var"},{"id":"T24","span":{"begin":1671,"end":1678},"obj":"NegReg"},{"id":"T25","span":{"begin":1679,"end":1702},"obj":"CPA"}],"relations":[{"id":"R10","pred":"ThemeOf","subj":"T12","obj":"T11"},{"id":"R14","pred":"CauseOf","subj":"T23","obj":"T24"},{"id":"R15","pred":"ThemeOf","subj":"T25","obj":"T24"},{"id":"R17","pred":"ThemeOf","subj":"T18","obj":"T19"},{"id":"R20","pred":"ThemeOf","subj":"T21","obj":"T22"},{"id":"R21","pred":"ThemeOf","subj":"T20","obj":"T19"},{"id":"R22","pred":"CauseOf","subj":"T26","obj":"T19"},{"id":"R23","pred":"CauseOf","subj":"T27","obj":"T19"},{"id":"R24","pred":"CauseOf","subj":"T28","obj":"T22"},{"id":"R25","pred":"CauseOf","subj":"T29","obj":"T22"},{"id":"R26","pred":"CauseOf","subj":"T30","obj":"T22"},{"id":"R27","pred":"CauseOf","subj":"T31","obj":"T33"},{"id":"R28","pred":"CauseOf","subj":"T32","obj":"T33"},{"id":"R29","pred":"ThemeOf","subj":"T34","obj":"T33"},{"id":"R30","pred":"CauseOf","subj":"T36","obj":"T24"},{"id":"R31","pred":"CauseOf","subj":"T37","obj":"T24"},{"id":"R9","pred":"CauseOf","subj":"T13","obj":"T11"}]}