{"target":"http://pubannotation.org/docs/sourcedb/PubMed/sourceid/29969449","sourcedb":"PubMed","sourceid":"29969449","text":"RES complex is associated with intron definition and required for zebrafish early embryogenesis.\nPre-mRNA splicing is a critical step of gene expression in eukaryotes. Transcriptome-wide splicing patterns are complex and primarily regulated by a diverse set of recognition elements and associated RNA-binding proteins. The retention and splicing (RES) complex is formed by three different proteins (Bud13p, Pml1p and Snu17p) and is involved in splicing in yeast. However, the importance of the RES complex for vertebrate splicing, the intronic features associated with its activity, and its role in development are unknown. In this study, we have generated loss-of-function mutants for the three components of the RES complex in zebrafish and showed that they are required during early development. The mutants showed a marked neural phenotype with increased cell death in the brain and a decrease in differentiated neurons. Transcriptomic analysis of bud13, snip1 (pml1) and rbmx2 (snu17) mutants revealed a global defect in intron splicing, with strong mis-splicing of a subset of introns. We found these RES-dependent introns were short, rich in GC and flanked by GC depleted exons, all of which are features associated with intron definition. Using these features, we developed and validated a predictive model that classifies RES dependent introns. Altogether, our study uncovers the essential role of the RES complex during vertebrate development and provides new insights into its function during splicing.","project":"AGAC_training","denotations":[{"id":"T9","span":{"begin":657,"end":673},"obj":"NegReg"},{"id":"T10","span":{"begin":674,"end":681},"obj":"Var"},{"id":"T7","span":{"begin":889,"end":897},"obj":"NegReg"},{"id":"T8","span":{"begin":901,"end":923},"obj":"CPA"},{"id":"T1","span":{"begin":952,"end":957},"obj":"Gene"},{"id":"T2","span":{"begin":959,"end":964},"obj":"Gene"},{"id":"T3","span":{"begin":976,"end":981},"obj":"Gene"},{"id":"T4","span":{"begin":990,"end":997},"obj":"Var"},{"id":"T11","span":{"begin":1016,"end":1022},"obj":"NegReg"},{"id":"T12","span":{"begin":1026,"end":1041},"obj":"MPA"},{"id":"T13","span":{"begin":1055,"end":1090},"obj":"MPA"}],"relations":[{"id":"R1","pred":"CauseOf","subj":"T10","obj":"T9"},{"id":"R10","pred":"ThemeOf","subj":"T12","obj":"T11"},{"id":"R11","pred":"ThemeOf","subj":"T13","obj":"T12"},{"id":"R3","pred":"CauseOf","subj":"T9","obj":"T7"},{"id":"R5","pred":"ThemeOf","subj":"T8","obj":"T7"},{"id":"R6","pred":"ThemeOf","subj":"T3","obj":"T4"},{"id":"R7","pred":"ThemeOf","subj":"T2","obj":"T4"},{"id":"R8","pred":"ThemeOf","subj":"T1","obj":"T4"},{"id":"R9","pred":"CauseOf","subj":"T4","obj":"T11"}]}