{"target":"http://pubannotation.org/docs/sourcedb/PubMed/sourceid/29199454","sourcedb":"PubMed","sourceid":"29199454","text":"Effects of null mutation of the heat-shock gene htpG on the production of virulence factors by Pseudomonas aeruginosa.\nAIM: Pseudomonas aeruginosa is one of the most clinically important opportunistic pathogen in humans. The aim of the project was to study effects of HtpG on the selected virulence factors responsible for pathogenesis and biofilm formation of P. aeruginosa.\nMETHODOLOGY: By characterizing a htpG null mutant of P. aeruginosa, we have identified the role of HtpG in the production of selected factors.\nRESULTS: We showed that \u0394htpG mutant affects many physiological processes containing: decreased activity of the LasA protease, reduction of biofilm formation, decreased motility, and diminished amount of rhamnolipids and pyoverdine/pyocyanin. These defects were most evident when the \u0394htpG strain was cultured at 42\u00b0C.\nCONCLUSION: Our findings demonstrate the unexplored role of HtpG in the pathogenicity of P. aeruginosa, and indicate potential targets for antibacterial therapeutics. [Formula: see text].","project":"AGAC_training","denotations":[{"id":"T1","span":{"begin":544,"end":548},"obj":"Gene"},{"id":"T2","span":{"begin":549,"end":555},"obj":"Var"},{"id":"T3","span":{"begin":605,"end":614},"obj":"NegReg"},{"id":"T4","span":{"begin":615,"end":623},"obj":"MPA"},{"id":"T5","span":{"begin":631,"end":644},"obj":"Enzyme"},{"id":"T6","span":{"begin":646,"end":655},"obj":"NegReg"},{"id":"T7","span":{"begin":659,"end":676},"obj":"MPA"},{"id":"T8","span":{"begin":678,"end":687},"obj":"NegReg"},{"id":"T9","span":{"begin":688,"end":696},"obj":"CPA"},{"id":"T10","span":{"begin":702,"end":712},"obj":"NegReg"},{"id":"T11","span":{"begin":713,"end":760},"obj":"MPA"}],"relations":[{"id":"R1","pred":"ThemeOf","subj":"T1","obj":"T2"},{"id":"R10","pred":"ThemeOf","subj":"T11","obj":"T10"},{"id":"R2","pred":"CauseOf","subj":"T2","obj":"T3"},{"id":"R3","pred":"ThemeOf","subj":"T4","obj":"T3"},{"id":"R4","pred":"ThemeOf","subj":"T5","obj":"T4"},{"id":"R5","pred":"CauseOf","subj":"T2","obj":"T6"},{"id":"R6","pred":"ThemeOf","subj":"T7","obj":"T6"},{"id":"R7","pred":"CauseOf","subj":"T2","obj":"T8"},{"id":"R8","pred":"ThemeOf","subj":"T9","obj":"T8"},{"id":"R9","pred":"CauseOf","subj":"T2","obj":"T10"}]}