{"target":"http://pubannotation.org/docs/sourcedb/PubMed/sourceid/28659290","sourcedb":"PubMed","sourceid":"28659290","text":"Early-onset autoimmune disease due to a heterozygous loss-of-function mutation in TNFAIP3 (A20).\n","project":"AGAC_training","denotations":[{"id":"T1","span":{"begin":0,"end":30},"obj":"Disease"},{"id":"T2","span":{"begin":53,"end":69},"obj":"NegReg"},{"id":"T3","span":{"begin":70,"end":78},"obj":"Var"},{"id":"T4","span":{"begin":82,"end":89},"obj":"Gene"}],"relations":[{"id":"R1","pred":"ThemeOf","subj":"T4","obj":"T3"},{"id":"R2","pred":"CauseOf","subj":"T3","obj":"T2"},{"id":"R3","pred":"CauseOf","subj":"T1","obj":"T2"}]}