{"target":"http://pubannotation.org/docs/sourcedb/PubMed/sourceid/29562163","sourcedb":"PubMed","sourceid":"29562163","text":"A Protein-Truncating HSD17B13 Variant and Protection from Chronic Liver Disease.\nBACKGROUND: Elucidation of the genetic factors underlying chronic liver disease may reveal new therapeutic targets.\nMETHODS: We used exome sequence data and electronic health records from 46,544 participants in the DiscovEHR human genetics study to identify genetic variants associated with serum levels of alanine aminotransferase (ALT) and aspartate aminotransferase (AST). Variants that were replicated in three additional cohorts (12,527 persons) were evaluated for association with clinical diagnoses of chronic liver disease in DiscovEHR study participants and two independent cohorts (total of 37,173 persons) and with histopathological severity of liver disease in 2391 human liver samples.\nRESULTS: A splice variant (rs72613567:TA) in HSD17B13, encoding the hepatic lipid droplet protein hydroxysteroid 17-beta dehydrogenase 13, was associated with reduced levels of ALT (P=4.2\u00d710-12) and AST (P=6.2\u00d710-10). Among DiscovEHR study participants, this variant was associated with a reduced risk of alcoholic liver disease (by 42% [95% confidence interval {CI}, 20 to 58] among heterozygotes and by 53% [95% CI, 3 to 77] among homozygotes), nonalcoholic liver disease (by 17% [95% CI, 8 to 25] among heterozygotes and by 30% [95% CI, 13 to 43] among homozygotes), alcoholic cirrhosis (by 42% [95% CI, 14 to 61] among heterozygotes and by 73% [95% CI, 15 to 91] among homozygotes), and nonalcoholic cirrhosis (by 26% [95% CI, 7 to 40] among heterozygotes and by 49% [95% CI, 15 to 69] among homozygotes). Associations were confirmed in two independent cohorts. The rs72613567:TA variant was associated with a reduced risk of nonalcoholic steatohepatitis, but not steatosis, in human liver samples. The rs72613567:TA variant mitigated liver injury associated with the risk-increasing PNPLA3 p.I148M allele and resulted in an unstable and truncated protein with reduced enzymatic activity.\nCONCLUSIONS: A loss-of-function variant in HSD17B13 was associated with a reduced risk of chronic liver disease and of progression from steatosis to steatohepatitis. (Funded by Regeneron Pharmaceuticals and others.).","project":"AGAC_training","denotations":[{"id":"T1","span":{"begin":457,"end":465},"obj":"Var"},{"id":"T3","span":{"begin":551,"end":562},"obj":"Interaction"},{"id":"T2","span":{"begin":590,"end":611},"obj":"Disease"},{"id":"T5","span":{"begin":791,"end":805},"obj":"Var"},{"id":"T4","span":{"begin":825,"end":833},"obj":"Gene"},{"id":"T6","span":{"begin":939,"end":946},"obj":"NegReg"},{"id":"T7","span":{"begin":957,"end":960},"obj":"MPA"},{"id":"T25","span":{"begin":979,"end":982},"obj":"MPA"},{"id":"T8","span":{"begin":1039,"end":1046},"obj":"Var"},{"id":"T9","span":{"begin":1069,"end":1076},"obj":"NegReg"},{"id":"T10","span":{"begin":1085,"end":1108},"obj":"Disease"},{"id":"T11","span":{"begin":1227,"end":1253},"obj":"Disease"},{"id":"T12","span":{"begin":1350,"end":1369},"obj":"Disease"},{"id":"T13","span":{"begin":1471,"end":1493},"obj":"Disease"},{"id":"T15","span":{"begin":1664,"end":1671},"obj":"Var"},{"id":"T16","span":{"begin":1694,"end":1701},"obj":"NegReg"},{"id":"T17","span":{"begin":1710,"end":1738},"obj":"Disease"},{"id":"T14","span":{"begin":1801,"end":1808},"obj":"Var"},{"id":"T18","span":{"begin":1809,"end":1818},"obj":"NegReg"},{"id":"T19","span":{"begin":1819,"end":1831},"obj":"Disease"},{"id":"T20","span":{"begin":1988,"end":2004},"obj":"NegReg"},{"id":"T21","span":{"begin":2005,"end":2012},"obj":"Var"},{"id":"T22","span":{"begin":2016,"end":2024},"obj":"Gene"},{"id":"T23","span":{"begin":2047,"end":2054},"obj":"NegReg"},{"id":"T24","span":{"begin":2063,"end":2084},"obj":"Disease"}],"relations":[{"id":"R1","pred":"CauseOf","subj":"T1","obj":"T3"},{"id":"R10","pred":"ThemeOf","subj":"T13","obj":"T9"},{"id":"R11","pred":"CauseOf","subj":"T15","obj":"T16"},{"id":"R12","pred":"ThemeOf","subj":"T17","obj":"T16"},{"id":"R13","pred":"CauseOf","subj":"T14","obj":"T18"},{"id":"R14","pred":"ThemeOf","subj":"T19","obj":"T18"},{"id":"R15","pred":"CauseOf","subj":"T21","obj":"T20"},{"id":"R16","pred":"ThemeOf","subj":"T22","obj":"T21"},{"id":"R17","pred":"CauseOf","subj":"T21","obj":"T23"},{"id":"R18","pred":"ThemeOf","subj":"T24","obj":"T23"},{"id":"R19","pred":"ThemeOf","subj":"T25","obj":"T6"},{"id":"R2","pred":"ThemeOf","subj":"T2","obj":"T3"},{"id":"R3","pred":"CauseOf","subj":"T5","obj":"T6"},{"id":"R4","pred":"ThemeOf","subj":"T4","obj":"T5"},{"id":"R5","pred":"ThemeOf","subj":"T7","obj":"T6"},{"id":"R6","pred":"CauseOf","subj":"T8","obj":"T9"},{"id":"R7","pred":"ThemeOf","subj":"T10","obj":"T9"},{"id":"R8","pred":"ThemeOf","subj":"T11","obj":"T9"},{"id":"R9","pred":"ThemeOf","subj":"T12","obj":"T9"}]}