{"target":"http://pubannotation.org/docs/sourcedb/PubMed/sourceid/28834165","sourcedb":"PubMed","sourceid":"28834165","text":"A gain-of-function mutation in TNFRSF13B is a candidate for predisposition to familial or sporadic immune thrombocytopenia.\nBACKGROUND: Most immune thrombocytopenia (ITP) is sporadic but a positive family history of ITP in some patients suggests that hereditary forms exist. Due to the rarity of familial ITP families available for study and the heterogeneity of sporadic ITP, family linkage analysis or genome wide association studies are limited.\nOBJECTIVES: Based on one ITP pedigree, we try to identify the predisposing gene in familial or sporadic ITP and reveal the way in which it causes thrombocytopenia.\nMETHODS: Gene expression profiling analysis and whole-exome sequencing was performed on samples from familial ITP members, sporadic ITP cases and healthy individuals. We also evaluated the influence of potential pathogenic mutation on immune function and megakaryocyte apoptosis.\nRESULTS: Whole-exome sequencing identified a potential pathologic p.G76S heterozygous mutation on the TNFRSF13B gene in familial ITP patients. ITP patients harboring G76S mutation displayed upregulated \"cytokine-cytokine receptor interaction\" signal, increased serum TNF\u03b1, IL-17\u03b1, IFN\u03b3 and BAFF levels, and enhanced binding capacity of APRIL ligand to B cells. Additionally, EBV-transformed B cells with the G76S mutation could induce human megakaryocyte line (Meg-01) apoptosis significantly.\nCONCLUSION: p.G76S mutation on TNFRSF13B gene is responsible for ITP, and is a genetic predisposing factor for familial or sporadic ITP. This article is protected by copyright. All rights reserved.","project":"AGAC_training","denotations":[{"id":"T2","span":{"begin":2,"end":18},"obj":"PosReg"},{"id":"T20","span":{"begin":19,"end":27},"obj":"Var"},{"id":"T1","span":{"begin":31,"end":40},"obj":"Gene"},{"id":"T4","span":{"begin":78,"end":122},"obj":"Disease"},{"id":"T5","span":{"begin":141,"end":164},"obj":"Disease"},{"id":"T8","span":{"begin":948,"end":958},"obj":"Reg"},{"id":"T6","span":{"begin":959,"end":965},"obj":"Var"},{"id":"T7","span":{"begin":995,"end":1004},"obj":"Gene"},{"id":"T9","span":{"begin":1013,"end":1025},"obj":"Disease"},{"id":"T10","span":{"begin":1059,"end":1063},"obj":"Var"},{"id":"T11","span":{"begin":1083,"end":1094},"obj":"PosReg"},{"id":"T12","span":{"begin":1095,"end":1142},"obj":"MPA"},{"id":"T13","span":{"begin":1144,"end":1153},"obj":"PosReg"},{"id":"T14","span":{"begin":1154,"end":1194},"obj":"MPA"},{"id":"T15","span":{"begin":1200,"end":1208},"obj":"PosReg"},{"id":"T16","span":{"begin":1209,"end":1252},"obj":"Interaction"},{"id":"T17","span":{"begin":1301,"end":1305},"obj":"Var"},{"id":"T18","span":{"begin":1321,"end":1327},"obj":"PosReg"},{"id":"T19","span":{"begin":1328,"end":1371},"obj":"CPA"},{"id":"T21","span":{"begin":1399,"end":1405},"obj":"Var"},{"id":"T22","span":{"begin":1418,"end":1427},"obj":"Gene"},{"id":"T23","span":{"begin":1436,"end":1447},"obj":"Reg"},{"id":"T24","span":{"begin":1452,"end":1455},"obj":"Disease"}],"relations":[{"id":"R1","pred":"CauseOf","subj":"T20","obj":"T2"},{"id":"R10","pred":"ThemeOf","subj":"T12","obj":"T11"},{"id":"R11","pred":"ThemeOf","subj":"T14","obj":"T13"},{"id":"R12","pred":"ThemeOf","subj":"T16","obj":"T15"},{"id":"R13","pred":"ThemeOf","subj":"T19","obj":"T18"},{"id":"R14","pred":"CauseOf","subj":"T17","obj":"T18"},{"id":"R15","pred":"CauseOf","subj":"T21","obj":"T23"},{"id":"R16","pred":"ThemeOf","subj":"T24","obj":"T23"},{"id":"R17","pred":"ThemeOf","subj":"T22","obj":"T21"},{"id":"R2","pred":"ThemeOf","subj":"T1","obj":"T20"},{"id":"R3","pred":"ThemeOf","subj":"T4","obj":"T2"},{"id":"R4","pred":"ThemeOf","subj":"T7","obj":"T6"},{"id":"R5","pred":"ThemeOf","subj":"T9","obj":"T8"},{"id":"R6","pred":"CauseOf","subj":"T6","obj":"T8"},{"id":"R7","pred":"CauseOf","subj":"T10","obj":"T11"},{"id":"R8","pred":"CauseOf","subj":"T10","obj":"T13"},{"id":"R9","pred":"CauseOf","subj":"T10","obj":"T15"}]}