{"target":"http://pubannotation.org/docs/sourcedb/PubMed/sourceid/16371368","sourcedb":"PubMed","sourceid":"16371368","text":"Effects of a leukemia-associated gain-of-function mutation of SHP-2 phosphatase on interleukin-3 signaling.\nMutations in SHP-2 phosphatase that cause hyperactivation of its catalytic activity have been identified in human leukemias, particularly juvenile myelomonocytic leukemia, which is characterized by hypersensitivity of myeloid progenitor cells to granulocyte macrophage colony-stimulating factor and interleukin (IL)-3. However, the molecular mechanisms by which gain-of-function (GOF) mutations of SHP-2 induce hematopoietic malignancies are not fully understood. Our previous studies have shown that SHP-2 plays an essential role in IL-3 signal transduction in both catalytic-dependent and -independent manners and that overexpression (5-6-fold) of wild type (WT) SHP-2 attenuates IL-3-mediated hematopoietic cell function through accelerated dephosphorylation of STAT5. These results raised the possibility that SHP-2-associated leukemias are not solely attributed to the increased catalytic activity of GOF mutant SHP-2. GOF mutant SHP-2 must have gained additional capacities. To test this possibility, we investigated effects of a GOF mutation of SHP-2 (SHP-2 E76K) on hematopoietic cell function and IL-3 signal transduction by comparing with those of overexpressed WT SHP-2. Our results showed that SHP-2 E76K mutation caused myeloproliferative disease in mice, while overexpression of WT SHP-2 decreased hematopoietic potential of the transduced cells in recipient animals. The E76K mutation in the N-terminal Src homology 2 domain increased interactions of mutant SHP-2 with Grb2, Gab2, and p85, leading to hyperactivation of IL-3-induced Erk and phosphatidylinositol 3-kinase (PI3K) pathways. In addition, despite the substantial increase in the catalytic activity, dephosphorylation of STAT5 by SHP-2 E76K was dampened. Furthermore, catalytically inactive SHP-2 E76K with an additional C459S mutation retained the capability to increase the interaction with Gab2 and to enhance the activation of the PI3K pathway. Taken together, these studies suggest that in addition to the elevated catalytic activity, fundamental changes in physical and functional interactions between GOF mutant SHP-2 and signaling partners also play an important role in SHP-2-related leukemigenesis.","project":"AGAC_training","denotations":[{"id":"T1","span":{"begin":108,"end":117},"obj":"Var"},{"id":"T2","span":{"begin":121,"end":126},"obj":"Gene"},{"id":"T3","span":{"begin":127,"end":138},"obj":"Enzyme"},{"id":"T4","span":{"begin":150,"end":165},"obj":"PosReg"},{"id":"T5","span":{"begin":173,"end":191},"obj":"MPA"},{"id":"T33","span":{"begin":222,"end":231},"obj":"Disease"},{"id":"T34","span":{"begin":246,"end":278},"obj":"Disease"},{"id":"T10","span":{"begin":1314,"end":1319},"obj":"Gene"},{"id":"T11","span":{"begin":1320,"end":1333},"obj":"Var"},{"id":"T12","span":{"begin":1341,"end":1367},"obj":"Disease"},{"id":"T13","span":{"begin":1494,"end":1498},"obj":"Var"},{"id":"T14","span":{"begin":1548,"end":1557},"obj":"PosReg"},{"id":"T15","span":{"begin":1558,"end":1570},"obj":"Interaction"},{"id":"T18","span":{"begin":1574,"end":1580},"obj":"Var"},{"id":"T17","span":{"begin":1581,"end":1586},"obj":"Gene"},{"id":"T16","span":{"begin":1592,"end":1596},"obj":"Protein"},{"id":"T19","span":{"begin":1624,"end":1639},"obj":"PosReg"},{"id":"T20","span":{"begin":1643,"end":1709},"obj":"Pathway"},{"id":"T25","span":{"begin":1748,"end":1756},"obj":"PosReg"},{"id":"T26","span":{"begin":1764,"end":1782},"obj":"MPA"},{"id":"T24","span":{"begin":1784,"end":1810},"obj":"MPA"},{"id":"T22","span":{"begin":1814,"end":1819},"obj":"Gene"},{"id":"T23","span":{"begin":1820,"end":1824},"obj":"Var"},{"id":"T21","span":{"begin":1829,"end":1837},"obj":"NegReg"},{"id":"T35","span":{"begin":1875,"end":1880},"obj":"Gene"},{"id":"T27","span":{"begin":1881,"end":1885},"obj":"Var"},{"id":"T36","span":{"begin":1905,"end":1910},"obj":"Var"},{"id":"T28","span":{"begin":1947,"end":1955},"obj":"PosReg"},{"id":"T29","span":{"begin":1960,"end":1971},"obj":"Interaction"},{"id":"T30","span":{"begin":1977,"end":1981},"obj":"Protein"},{"id":"T31","span":{"begin":1989,"end":1996},"obj":"PosReg"},{"id":"T32","span":{"begin":2019,"end":2031},"obj":"Pathway"}],"relations":[{"id":"R1","pred":"ThemeOf","subj":"T3","obj":"T2"},{"id":"R10","pred":"ThemeOf","subj":"T17","obj":"T15"},{"id":"R11","pred":"ThemeOf","subj":"T18","obj":"T17"},{"id":"R12","pred":"CauseOf","subj":"T14","obj":"T19"},{"id":"R13","pred":"ThemeOf","subj":"T20","obj":"T19"},{"id":"R14","pred":"ThemeOf","subj":"T26","obj":"T25"},{"id":"R15","pred":"ThemeOf","subj":"T24","obj":"T21"},{"id":"R16","pred":"ThemeOf","subj":"T23","obj":"T22"},{"id":"R17","pred":"ThemeOf","subj":"T22","obj":"T24"},{"id":"R18","pred":"CauseOf","subj":"T27","obj":"T28"},{"id":"R19","pred":"ThemeOf","subj":"T29","obj":"T28"},{"id":"R2","pred":"ThemeOf","subj":"T2","obj":"T1"},{"id":"R20","pred":"ThemeOf","subj":"T30","obj":"T29"},{"id":"R21","pred":"CauseOf","subj":"T27","obj":"T31"},{"id":"R22","pred":"ThemeOf","subj":"T32","obj":"T31"},{"id":"R23","pred":"ThemeOf","subj":"T33","obj":"T4"},{"id":"R24","pred":"ThemeOf","subj":"T34","obj":"T4"},{"id":"R25","pred":"ThemeOf","subj":"T35","obj":"T27"},{"id":"R26","pred":"CauseOf","subj":"T36","obj":"T28"},{"id":"R27","pred":"ThemeOf","subj":"T35","obj":"T36"},{"id":"R28","pred":"CauseOf","subj":"T36","obj":"T31"},{"id":"R3","pred":"CauseOf","subj":"T1","obj":"T4"},{"id":"R4","pred":"ThemeOf","subj":"T5","obj":"T4"},{"id":"R5","pred":"ThemeOf","subj":"T10","obj":"T11"},{"id":"R6","pred":"CauseOf","subj":"T11","obj":"T12"},{"id":"R7","pred":"CauseOf","subj":"T13","obj":"T14"},{"id":"R8","pred":"ThemeOf","subj":"T15","obj":"T14"},{"id":"R9","pred":"ThemeOf","subj":"T16","obj":"T15"}]}