{"target":"http://pubannotation.org/docs/sourcedb/PubMed/sourceid/29367674","sourcedb":"PubMed","sourceid":"29367674","text":"Tryptophan hydroxylase (TRH) loss of function mutations induce growth and behavioral defects in Daphnia magna.\nTryptophan hydroxylase (TRH) is the rate limiting enzyme in the serotonin synthesis. CRISPR-Cas9 technology was used to generate seven indel TRH mutants in Daphnia magna. Mono-allelic indel TRH-/+ clones showed normal levels of serotonin, measured by both immunohistochemistry and mass spectrometry (LC-MS/MS), whereas bi-allelic indel TRH-/- clones showed no detectable levels of serotonin. Life history and behavioral responses of TRH-/- clones showed the anti-phenotype of those exposed to selective serotonin reuptake inhibitors (SSRI). Mutants lacking serotonin grew less and hence reproduced latter, produced smaller clutches of smaller offspring and responded to a greater extent to light than wild type individuals. Mono-allelic indel TRH-/+ individuals showed the intermediate phenotype. The SSRI fluoxetine enhanced offspring production in all clones and decreased the response to light only in those clones having serotonin, thus indication that behavioral effects of this drug in D. magna are associated to serotonin. Results obtained with the TRH mutants are in line with reported ones in TRH knockouts of Caenorhabditis elegans, Drosophila and mice, indicating that there is one gene encoding TRH, which is the serotonin limiting enzyme in both the central and the periphery nervous system in Daphnia and that deprivation of serotonin increases anxiety-like behavior.","project":"AGAC_training","denotations":[{"id":"T1","span":{"begin":24,"end":27},"obj":"Gene"},{"id":"T2","span":{"begin":29,"end":45},"obj":"NegReg"},{"id":"T3","span":{"begin":46,"end":55},"obj":"Var"},{"id":"T6","span":{"begin":63,"end":92},"obj":"CPA"},{"id":"T7","span":{"begin":652,"end":659},"obj":"Var"},{"id":"T8","span":{"begin":660,"end":667},"obj":"NegReg"},{"id":"T9","span":{"begin":668,"end":677},"obj":"MPA"},{"id":"T11","span":{"begin":678,"end":682},"obj":"CPA"},{"id":"T10","span":{"begin":683,"end":687},"obj":"NegReg"},{"id":"T12","span":{"begin":698,"end":708},"obj":"CPA"},{"id":"T13","span":{"begin":726,"end":733},"obj":"NegReg"},{"id":"T14","span":{"begin":734,"end":742},"obj":"CPA"},{"id":"T17","span":{"begin":746,"end":753},"obj":"NegReg"},{"id":"T18","span":{"begin":754,"end":763},"obj":"CPA"}],"relations":[{"id":"R1","pred":"ThemeOf","subj":"T1","obj":"T3"},{"id":"R10","pred":"CauseOf","subj":"T8","obj":"T12"},{"id":"R11","pred":"ThemeOf","subj":"T18","obj":"T17"},{"id":"R12","pred":"ThemeOf","subj":"T17","obj":"T14"},{"id":"R13","pred":"ThemeOf","subj":"T14","obj":"T13"},{"id":"R14","pred":"CauseOf","subj":"T8","obj":"T13"},{"id":"R15","pred":"ThemeOf","subj":"T6","obj":"T2"},{"id":"R2","pred":"CauseOf","subj":"T3","obj":"T2"},{"id":"R6","pred":"ThemeOf","subj":"T9","obj":"T8"},{"id":"R7","pred":"CauseOf","subj":"T7","obj":"T8"},{"id":"R8","pred":"CauseOf","subj":"T8","obj":"T10"},{"id":"R9","pred":"ThemeOf","subj":"T11","obj":"T10"}]}