{"target":"http://pubannotation.org/docs/sourcedb/PubMed/sourceid/29424270","sourcedb":"PubMed","sourceid":"29424270","text":"TRPV1 gain-of-function mutation impairs pain and itch sensations in mice.\nTransient receptor potential vanilloid 1 (TRPV1) is a non-selective cation channel, which can detect various noxious stimuli that cause pain, inflammation, hyperalgesia, and itch. TRPV1 knock-out mice show deficiency in nociception, but the in vivo effects of persistent activation of TRPV1 are not completely understood. Here, we generated TRPV1 knock-in mice with a G564S mutation. In the heterologous expression system, an electrophysiological study showed that the G564S mutation in mouse TRPV1 caused increased basal current and a leftward shift of voltage dependence. Intriguingly, using behavioral analysis, we found that knock-in mice showed a thermosensory defect, impaired inflammatory thermal pain, and capsaicin sensitivity. We also demonstrated an attenuated behavioral response to the pruritic agent histamine in the knock-in mice. Indeed, calcium imaging together with electrophysiology showed that the overactive mutant had decreased capsaicin sensitivity. Western blot analysis revealed that the G564S mutant reduced TRPV1 phosphorylation and cell membrane trafficking. Together, we have generated a mouse model with a gain-of-function mutation in Trpv1 gene and demonstrated that the pain and histamine-dependent itch sensations in these mice are impaired due to a decreased phosphorylation level and reduced membrane localization of TRPV1.","project":"AGAC_training","denotations":[{"id":"T7","span":{"begin":0,"end":5},"obj":"Gene"},{"id":"T3","span":{"begin":6,"end":22},"obj":"PosReg"},{"id":"T4","span":{"begin":23,"end":31},"obj":"Var"},{"id":"T5","span":{"begin":32,"end":39},"obj":"NegReg"},{"id":"T6","span":{"begin":40,"end":64},"obj":"CPA"},{"id":"T8","span":{"begin":543,"end":548},"obj":"Var"},{"id":"T9","span":{"begin":567,"end":572},"obj":"Gene"},{"id":"T10","span":{"begin":580,"end":589},"obj":"PosReg"},{"id":"T11","span":{"begin":590,"end":603},"obj":"CPA"},{"id":"T12","span":{"begin":610,"end":646},"obj":"CPA"},{"id":"T14","span":{"begin":726,"end":739},"obj":"CPA"},{"id":"T13","span":{"begin":740,"end":746},"obj":"NegReg"},{"id":"T15","span":{"begin":748,"end":756},"obj":"NegReg"},{"id":"T16","span":{"begin":757,"end":782},"obj":"MPA"},{"id":"T17","span":{"begin":788,"end":809},"obj":"CPA"},{"id":"T18","span":{"begin":1087,"end":1092},"obj":"Var"},{"id":"T19","span":{"begin":1100,"end":1107},"obj":"NegReg"},{"id":"T20","span":{"begin":1108,"end":1113},"obj":"Protein"},{"id":"T21","span":{"begin":1114,"end":1129},"obj":"MPA"},{"id":"T22","span":{"begin":1134,"end":1159},"obj":"CPA"},{"id":"T23","span":{"begin":1210,"end":1226},"obj":"PosReg"},{"id":"T24","span":{"begin":1227,"end":1235},"obj":"Var"},{"id":"T25","span":{"begin":1239,"end":1244},"obj":"Gene"},{"id":"T32","span":{"begin":1276,"end":1320},"obj":"CPA"},{"id":"T31","span":{"begin":1339,"end":1347},"obj":"NegReg"},{"id":"T26","span":{"begin":1357,"end":1366},"obj":"NegReg"},{"id":"T27","span":{"begin":1367,"end":1388},"obj":"MPA"},{"id":"T28","span":{"begin":1393,"end":1400},"obj":"NegReg"},{"id":"T29","span":{"begin":1401,"end":1422},"obj":"MPA"},{"id":"T30","span":{"begin":1426,"end":1431},"obj":"Protein"}],"relations":[{"id":"R1","pred":"ThemeOf","subj":"T7","obj":"T4"},{"id":"R10","pred":"ThemeOf","subj":"T14","obj":"T13"},{"id":"R11","pred":"CauseOf","subj":"T8","obj":"T15"},{"id":"R12","pred":"ThemeOf","subj":"T16","obj":"T15"},{"id":"R13","pred":"CauseOf","subj":"T8","obj":"T17"},{"id":"R14","pred":"CauseOf","subj":"T18","obj":"T19"},{"id":"R15","pred":"ThemeOf","subj":"T20","obj":"T21"},{"id":"R16","pred":"ThemeOf","subj":"T21","obj":"T19"},{"id":"R17","pred":"ThemeOf","subj":"T22","obj":"T19"},{"id":"R18","pred":"ThemeOf","subj":"T25","obj":"T24"},{"id":"R19","pred":"CauseOf","subj":"T24","obj":"T23"},{"id":"R2","pred":"CauseOf","subj":"T4","obj":"T3"},{"id":"R20","pred":"CauseOf","subj":"T23","obj":"T26"},{"id":"R21","pred":"CauseOf","subj":"T23","obj":"T28"},{"id":"R22","pred":"ThemeOf","subj":"T27","obj":"T26"},{"id":"R23","pred":"ThemeOf","subj":"T30","obj":"T29"},{"id":"R24","pred":"ThemeOf","subj":"T29","obj":"T28"},{"id":"R25","pred":"CauseOf","subj":"T26","obj":"T31"},{"id":"R26","pred":"CauseOf","subj":"T28","obj":"T31"},{"id":"R27","pred":"ThemeOf","subj":"T32","obj":"T31"},{"id":"R3","pred":"CauseOf","subj":"T3","obj":"T5"},{"id":"R4","pred":"ThemeOf","subj":"T6","obj":"T5"},{"id":"R5","pred":"ThemeOf","subj":"T9","obj":"T8"},{"id":"R6","pred":"CauseOf","subj":"T8","obj":"T10"},{"id":"R7","pred":"ThemeOf","subj":"T11","obj":"T10"},{"id":"R8","pred":"CauseOf","subj":"T8","obj":"T12"},{"id":"R9","pred":"CauseOf","subj":"T8","obj":"T13"}]}