{"target":"http://pubannotation.org/docs/sourcedb/PubMed/sourceid/20690502","sourcedb":"PubMed","sourceid":"20690502","text":"Identification of known and novel PTCH mutations in both syndromic and non-syndromic keratocystic odontogenic tumors.\nAIM: To clarify the role of PTCH in patients with NBCCS-related and non-sydromic keratocystic odontogenic tumors.\nMETHODOLOGY: Mutation analysis was undertaken in 8 sporadic and 4 NBCCS-associated KCOTs.\nRESULTS: Four novel and two known mutations were identified in 2 sporadic and 3 syndromic cases, two of which being germline mutations (c.2179delT, c.2824delC) and 4 somatic mutations (c.3162dupG, c.1362-1374dup, c.1012 C\u003ET, c.403C\u003ET).\nCONCLUSION: Our findings suggest that defects of PTCH are associated with the pathogenesis of syndromic as well as a subset of non-syndromic KCOTs.","project":"AGAC_answer","denotations":[{"id":"T1","span":{"begin":34,"end":38},"obj":"Gene"},{"id":"T2","span":{"begin":39,"end":48},"obj":"Var"},{"id":"T4","span":{"begin":49,"end":51},"obj":"Reg"},{"id":"T3","span":{"begin":85,"end":116},"obj":"Disease"}],"relations":[{"id":"R1","pred":"ThemeOf","subj":"T1","obj":"T2"},{"id":"R2","pred":"CauseOf","subj":"T2","obj":"T4"},{"id":"R3","pred":"ThemeOf","subj":"T3","obj":"T4"}]}