{"target":"http://pubannotation.org/docs/sourcedb/PubMed/sourceid/20961759","sourcedb":"PubMed","sourceid":"20961759","text":"Prevalence, mutation spectrum and phenotypic variability in Norwegian patients with Limb Girdle Muscular Dystrophy 2I.\nMutations in the FKRP (Fukutin Related Protein) gene produce a range of phenotypes including Limb Girdle Muscular Dystrophy Type 2I (LGMD2I). In order to investigate the prevalence, the mutation spectrum and possible genotype-phenotype correlation, we studied a cohort of Norwegian patients with LGMD2I, ascertained in a 4-year period. In this retrospective study of genetically tested patients, we identified 88 patients from 69 families, who were either homozygous or compound heterozygous for FKRP mutations. This gives a minimum prevalence of 1/54,000 and a corresponding carrier frequency of 1/116 in the Norwegian population. Seven different FKRP mutations, including three novel changes, were detected. Seventy-six patients were homozygous for the common c.826C\u003EA mutation. These patients had later disease onset than patients who were compound heterozygous - 14.0 vs. 6.1 years. We detected substantial variability in disease severity among homozygous patients.","project":"AGAC_answer","denotations":[{"id":"T1","span":{"begin":119,"end":128},"obj":"Var"},{"id":"T2","span":{"begin":136,"end":140},"obj":"Gene"},{"id":"T3","span":{"begin":172,"end":179},"obj":"Reg"},{"id":"T4","span":{"begin":212,"end":250},"obj":"Disease"}],"relations":[{"id":"R1","pred":"CauseOf","subj":"T1","obj":"T3"},{"id":"R2","pred":"ThemeOf","subj":"T2","obj":"T1"},{"id":"R3","pred":"ThemeOf","subj":"T4","obj":"T3"}]}