{"target":"http://pubannotation.org/docs/sourcedb/PubMed/sourceid/20352026","sourcedb":"PubMed","sourceid":"20352026","text":"Sequence variants of the DFNB31 gene among Usher syndrome patients of diverse origin.\nPURPOSE: It has been demonstrated that mutations in deafness, autosomal recessive 31 (DFNB31), the gene encoding whirlin, is responsible for nonsyndromic hearing loss (NSHL; DFNB31) and Usher syndrome type II (USH2D). We screened DFNB31 in a large cohort of patients with different clinical subtypes of Usher syndrome (USH) to determine the prevalence of DFNB31 mutations among USH patients.\nMETHODS: DFNB31 was screened in 149 USH2, 29 USH1, six atypical USH, and 11 unclassified USH patients from diverse ethnic backgrounds. Mutation detection was performed by direct sequencing of all coding exons.\nRESULTS: We identified 38 different variants among 195 patients. Most variants were clearly polymorphic, but at least two out of the 15 nonsynonymous variants (p.R350W and p.R882S) are predicted to impair whirlin structure and function, suggesting eventual pathogenicity. No putatively pathogenic mutation was found in the second allele of patients with these mutations.\nCONCLUSIONS: DFNB31 is not a major cause of USH.","project":"AGAC_answer","denotations":[{"id":"T1","span":{"begin":9,"end":17},"obj":"Var"},{"id":"T2","span":{"begin":25,"end":31},"obj":"Gene"},{"id":"T3","span":{"begin":37,"end":42},"obj":"Reg"},{"id":"T4","span":{"begin":43,"end":57},"obj":"Disease"},{"id":"T5","span":{"begin":125,"end":134},"obj":"Var"},{"id":"T6","span":{"begin":172,"end":178},"obj":"Gene"},{"id":"T7","span":{"begin":211,"end":222},"obj":"Reg"},{"id":"T8","span":{"begin":227,"end":252},"obj":"Disease"},{"id":"T9","span":{"begin":272,"end":294},"obj":"Disease"},{"id":"T10","span":{"begin":848,"end":855},"obj":"Var"},{"id":"T11","span":{"begin":860,"end":867},"obj":"Var"},{"id":"T12","span":{"begin":886,"end":892},"obj":"NegReg"},{"id":"T15","span":{"begin":893,"end":900},"obj":"Protein"},{"id":"T13","span":{"begin":901,"end":910},"obj":"MPA"},{"id":"T14","span":{"begin":915,"end":923},"obj":"MPA"}],"relations":[{"id":"R1","pred":"CauseOf","subj":"T1","obj":"T3"},{"id":"R10","pred":"ThemeOf","subj":"T15","obj":"T13"},{"id":"R11","pred":"ThemeOf","subj":"T15","obj":"T14"},{"id":"R12","pred":"ThemeOf","subj":"T14","obj":"T12"},{"id":"R13","pred":"ThemeOf","subj":"T13","obj":"T12"},{"id":"R2","pred":"ThemeOf","subj":"T4","obj":"T3"},{"id":"R3","pred":"ThemeOf","subj":"T2","obj":"T1"},{"id":"R4","pred":"ThemeOf","subj":"T6","obj":"T5"},{"id":"R5","pred":"CauseOf","subj":"T5","obj":"T7"},{"id":"R6","pred":"ThemeOf","subj":"T8","obj":"T7"},{"id":"R7","pred":"ThemeOf","subj":"T9","obj":"T7"},{"id":"R8","pred":"CauseOf","subj":"T10","obj":"T12"},{"id":"R9","pred":"CauseOf","subj":"T11","obj":"T12"}]}