{"target":"http://pubannotation.org/docs/sourcedb/PubMed/sourceid/21490218","sourcedb":"PubMed","sourceid":"21490218","text":"The Down syndrome critical region regulates retinogeniculate refinement.\nDown syndrome (DS) is a developmental disorder caused by a third chromosome 21 in humans (Trisomy 21), leading to neurological deficits and cognitive impairment. Studies in mouse models of DS suggest that cognitive deficits in the adult are associated with deficits in synaptic learning and memory mechanisms, but it is unclear whether alterations in the early wiring and refinement of neuronal circuits contribute to these deficits. Here, we show that early developmental refinement of visual circuits is perturbed in mouse models of Down syndrome. Specifically, we find excessive eye-specific segregation of retinal axons in the dorsal lateral geniculate nucleus. Indeed, the degree of refinement scales with defects in the \"Down syndrome critical region\" (DSCR) in a dose-dependent manner. We further identify Dscam (Down syndrome cell adhesion molecule), a gene within the DSCR, as a regulator of eye-specific segregation of retinogeniculate projections. Although Dscam is not the sole gene in the DSCR contributing to enhanced refinement in trisomy, Dscam dosage clearly regulates cell spacing and dendritic fasciculation in a specific class of retinal ganglion cells. Thus, altered developmental refinement of visual circuits that occurs before sensory experience is likely to contribute to visual impairment in individuals with Down syndrome.","project":"AGAC_answer","denotations":[{"id":"T2","span":{"begin":73,"end":86},"obj":"Disease"},{"id":"T3","span":{"begin":120,"end":129},"obj":"Reg"},{"id":"T1","span":{"begin":163,"end":173},"obj":"Var"}],"relations":[{"id":"R1","pred":"CauseOf","subj":"T1","obj":"T3"},{"id":"R2","pred":"CauseOf","subj":"T2","obj":"T3"}]}