{"target":"http://pubannotation.org/docs/sourcedb/PubMed/sourceid/21208200","sourcedb":"PubMed","sourceid":"21208200","text":"Twenty-five novel mutations including duplications in the ATP7A gene.\nTwenty-five novel mutations including duplications in the ATP7A gene. Menkes disease (MD) and occipital horn syndrome (OHS) are allelic X-linked recessive copper deficiency disorders resulting from ATP7A gene mutations. MD is a severe condition leading to progressive neurological degeneration and death in early childhood, whereas OHS has a milder phenotype with mainly connective tissue abnormalities. Until now, molecular analyses have revealed only deletions and point mutations in both diseases. This study reports new molecular data in a series of 40 patients referred for either MD or OHS. We describe 23 point mutations (9 missense mutations, 7 splice site variants, 4 nonsense mutations, and 3 small insertions or deletions) and 7 intragenic deletions. Of these, 18 point mutations and 3 deletions are novel. Furthermore, our finding of four whole exon duplications enlarges the mutation spectrum in the ATP7A gene. ATP7A alterations were found in 85% of cases. Of these alterations, two thirds were point mutations and the remaining one third consisted of large rearrangements. We found that 66.6% of point mutations resulted in impaired ATP7A transcript splicing, a phenomenon more frequent than expected. This finding enabled us to confirm the pathogenic role of ATP7A mutations, particularly in missense and splice site variants.","project":"AGAC_answer","denotations":[{"id":"T1","span":{"begin":140,"end":154},"obj":"Disease"},{"id":"T2","span":{"begin":164,"end":187},"obj":"Disease"},{"id":"T3","span":{"begin":253,"end":267},"obj":"Reg"},{"id":"T4","span":{"begin":268,"end":273},"obj":"Gene"},{"id":"T5","span":{"begin":279,"end":288},"obj":"Var"},{"id":"T6","span":{"begin":1187,"end":1196},"obj":"Var"},{"id":"T7","span":{"begin":1209,"end":1217},"obj":"NegReg"},{"id":"T8","span":{"begin":1218,"end":1223},"obj":"Gene"},{"id":"T9","span":{"begin":1224,"end":1243},"obj":"MPA"}],"relations":[{"id":"R1","pred":"CauseOf","subj":"T5","obj":"T3"},{"id":"R2","pred":"ThemeOf","subj":"T2","obj":"T3"},{"id":"R3","pred":"ThemeOf","subj":"T1","obj":"T3"},{"id":"R4","pred":"ThemeOf","subj":"T4","obj":"T5"},{"id":"R5","pred":"CauseOf","subj":"T6","obj":"T7"},{"id":"R6","pred":"ThemeOf","subj":"T8","obj":"T6"},{"id":"R7","pred":"ThemeOf","subj":"T9","obj":"T7"},{"id":"R8","pred":"ThemeOf","subj":"T8","obj":"T9"}]}