{"target":"http://pubannotation.org/docs/sourcedb/PubMed/sourceid/20448484","sourcedb":"PubMed","sourceid":"20448484","text":"Partial depletion of CREB-binding protein reduces life expectancy in a mouse model of Huntington disease.\nPrevious studies have reported that mutant huntingtin (htt) interferes with cyclic AMP response element binding protein binding protein (CBP)-mediated transcription, possibly by inhibiting the acetylation of histones. In Drosophila models that express fragments of mutant htt, histone deacetylase inhibitors reverse deficits in histone acetylation, rescue photoreceptor degeneration, and prolong their survival. These compounds also improve motor deficits in a transgenic mouse model of Huntington disease (HD). To determine whether endogenous CBP depletion contributes to HD pathogenesis, we crossed HD-N171-82Q transgenic mice with mice harboring a disrupted CBP gene and produced mice with partial (50%) depletion of CBP. This reduction of CBP levels decreased the life expectancy of the HD-N171-82Q Line 6 mouse model. The loss of CBP had no obvious impact on the severity of motor impairment, degeneration of the striatum, mutant htt inclusion formation, or global levels of acetylated histones H3 or H4 in brain. In cell models, we confirmed that mutant htt inclusions recruit human CBP but found no evidence for interactions between soluble forms of mutant htt and CBP. Although we identified no neurological explanation for the decreased life expectancy of HD-N171-82Q mice with partial depletion of CBP, the data are consistent with the notion that CBP function mitigates mutant htt toxicity by a currently unidentified mechanism.","project":"AGAC_answer","denotations":[{"id":"T1","span":{"begin":142,"end":148},"obj":"Var"},{"id":"T2","span":{"begin":149,"end":159},"obj":"Gene"},{"id":"T3","span":{"begin":166,"end":176},"obj":"Reg"},{"id":"T4","span":{"begin":182,"end":225},"obj":"Protein"},{"id":"T5","span":{"begin":226,"end":233},"obj":"Interaction"},{"id":"T6","span":{"begin":234,"end":241},"obj":"Protein"},{"id":"T7","span":{"begin":257,"end":270},"obj":"MPA"},{"id":"T8","span":{"begin":284,"end":294},"obj":"NegReg"},{"id":"T9","span":{"begin":299,"end":310},"obj":"MPA"},{"id":"T10","span":{"begin":314,"end":322},"obj":"Protein"}],"relations":[{"id":"R10","pred":"CauseOf","subj":"T8","obj":"T3"},{"id":"R2","pred":"ThemeOf","subj":"T4","obj":"T5"},{"id":"R3","pred":"ThemeOf","subj":"T6","obj":"T5"},{"id":"R4","pred":"ThemeOf","subj":"T5","obj":"T7"},{"id":"R5","pred":"ThemeOf","subj":"T7","obj":"T3"},{"id":"R6","pred":"ThemeOf","subj":"T2","obj":"T1"},{"id":"R7","pred":"CauseOf","subj":"T1","obj":"T8"},{"id":"R8","pred":"ThemeOf","subj":"T10","obj":"T9"},{"id":"R9","pred":"ThemeOf","subj":"T9","obj":"T8"}]}