{"target":"http://pubannotation.org/docs/sourcedb/PubMed/sourceid/21342599","sourcedb":"PubMed","sourceid":"21342599","text":"[Anaemia caused by a congenital haemoglobin defect can also occur in native Dutch patients].\nAnemie door aangeboren afwijkingen van het hemoglobine, ook bij autochtone Nederlanders.\nAn 11-year-old boy of Dutch descent had suffered from tiredness, pallor and poor appetite for many years. There was no indication of chronic infection. Iron supplements did not produce sufficient improvement in the symptoms. Following analysis using fast protein liquid chromatography and DNA sequencing analysis, it appeared that this was a case of \u03b2-thalassaemia intermedia, caused by a point mutation in the promotor region of the \u03b2-globulin gene. The boy's parents both proved to be heterozygotes for this point mutation. A second patient, a 5-year-old girl of Dutch descent, suffered from an icterus following a respiratory tract infection. Splenomegaly, hyperbilirubinaemia and microcytic anaemia with raised reticulocyte values were observed. Because of the presence of spherocytes, hereditary spherocytosis was initially suspected. On further analysis Heinz bodies were also seen, following which DNA sequencing analysis showed a de novo Hb K\u00f6ln mutation. Congenital haemoglobin defects are usually associated with people originating from Africa, the Mediterranean, the Middle-East or South-East Asia. That such abnormalities can also occur in children of Dutch descent is demonstrated by these two cases.","project":"AGAC_answer","denotations":[{"id":"T4","span":{"begin":532,"end":557},"obj":"Disease"},{"id":"T3","span":{"begin":559,"end":568},"obj":"Reg"},{"id":"T1","span":{"begin":571,"end":585},"obj":"Var"},{"id":"T2","span":{"begin":616,"end":626},"obj":"Gene"}],"relations":[{"id":"R1","pred":"CauseOf","subj":"T1","obj":"T3"},{"id":"R2","pred":"ThemeOf","subj":"T4","obj":"T3"},{"id":"R3","pred":"ThemeOf","subj":"T2","obj":"T1"}]}