{"target":"http://pubannotation.org/docs/sourcedb/PubMed/sourceid/21316238","sourcedb":"PubMed","sourceid":"21316238","text":"Phenotypic heterogeneity in a large Thai slow-channel congenital myasthenic syndrome kinship.\nThe slow-channel congenital myasthenic syndrome (SCCMS) is an autosomal dominant neuromuscular disorder caused by mutations in different subunits of the acetylcholine receptor (AChR). We here report our clinical findings in three generations of a large Thai kinship suffering from SCCMS and trace the disease to the p.Gly153Ser mutation in the AChR \u03b1 subunit. The same mutation had previously been reported only in Caucasian but not in Asian patients. The clinical features include ptosis, ophthalmoparesis, and weakness of the cervical and finger extensor muscles as well as marked phenotypic heterogeneity.","project":"AGAC_answer","denotations":[{"id":"T1","span":{"begin":98,"end":141},"obj":"Disease"},{"id":"T2","span":{"begin":198,"end":207},"obj":"Reg"},{"id":"T3","span":{"begin":208,"end":217},"obj":"Var"},{"id":"T4","span":{"begin":271,"end":275},"obj":"Gene"}],"relations":[{"id":"R1","pred":"ThemeOf","subj":"T4","obj":"T3"},{"id":"R2","pred":"CauseOf","subj":"T3","obj":"T2"},{"id":"R3","pred":"ThemeOf","subj":"T1","obj":"T2"}]}