{"target":"http://pubannotation.org/docs/sourcedb/PubMed/sourceid/27376611","sourcedb":"PubMed","sourceid":"27376611","text":"X-linked Congenital Adrenal Hypoplasia with a Novel NR0B1/DAX Gene Mutation.\nBACKGROUND: The etiology of primary adrenal insufficiency has implications for further management of the condition.\nCASE CHARACTERISTICS: A 5-year-old boy presented in adrenal crisis with glucocorticoid and mineralocorticoid deficiency.\nOBSERVATION: Investigations confirmed primary adrenal insufficiency and ruled out the common etiologies. Genetic testing identified a novel NR0B1/DAX gene mutation.\nMESSAGE: A genetic diagnosis in children with primary adrenal insufficiency is useful to provide genetic counselling.","project":"AGAC_answer","denotations":[{"id":"T1","span":{"begin":0,"end":38},"obj":"Disease"},{"id":"T6","span":{"begin":39,"end":43},"obj":"Reg"},{"id":"T2","span":{"begin":52,"end":57},"obj":"Gene"},{"id":"T3","span":{"begin":58,"end":61},"obj":"Gene"},{"id":"T5","span":{"begin":67,"end":75},"obj":"Var"},{"id":"T7","span":{"begin":360,"end":367},"obj":"CPA"},{"id":"T8","span":{"begin":368,"end":381},"obj":"NegReg"},{"id":"T9","span":{"begin":454,"end":459},"obj":"Gene"},{"id":"T10","span":{"begin":460,"end":463},"obj":"Gene"},{"id":"T11","span":{"begin":469,"end":477},"obj":"Var"}],"relations":[{"id":"R1","pred":"ThemeOf","subj":"T3","obj":"T5"},{"id":"R2","pred":"ThemeOf","subj":"T2","obj":"T5"},{"id":"R3","pred":"ThemeOf","subj":"T1","obj":"T6"},{"id":"R4","pred":"CauseOf","subj":"T5","obj":"T6"},{"id":"R5","pred":"ThemeOf","subj":"T10","obj":"T11"},{"id":"R6","pred":"ThemeOf","subj":"T9","obj":"T11"},{"id":"R7","pred":"CauseOf","subj":"T11","obj":"T8"},{"id":"R8","pred":"ThemeOf","subj":"T7","obj":"T8"}]}