{"target":"http://pubannotation.org/docs/sourcedb/PubMed/sourceid/20524212","sourcedb":"PubMed","sourceid":"20524212","text":"Type I hyperprolinemia: genotype/phenotype correlations.\nType I hyperprolinemia (HPI) is an autosomal recessive disorder associated with cognitive and psychiatric troubles, caused by alterations of the Proline Dehydrogenase gene (PRODH) at 22q11. HPI results from PRODH deletion and/or missense mutations reducing proline oxidase (POX) activity. The goals of this study were first to measure in controls the frequency of PRODH variations described in HPI patients, second to assess the functional effect of PRODH mutations on POX activity, and finally to establish genotype/enzymatic activity correlations in a new series of HPI patients. Eight of 14 variants occurred at polymorphic frequency in 114 controls. POX activity was determined for six novel mutations and two haplotypes. The c.1331G\u003EA, p.G444D allele has a drastic effect, whereas the c.23C\u003ET, p.P8L allele and the c.[56C\u003EA; 172G\u003EA], p.[Q19P; A58T] haplotype result in a moderate decrease in activity. Among the 19 HPI patients, 10 had a predicted residual activity \u003C50%. Eight out of nine subjects with a predicted residual activity \u003E or = 50% bore at least one c.824C\u003EA, p.T275N allele, which has no detrimental effect on activity but whose frequency in controls is only 3%. Our results suggest that PRODH mutations lead to a decreased POX activity or affect other biological parameters causing hyperprolinemia.","project":"AGAC_answer","denotations":[{"id":"T1","span":{"begin":57,"end":79},"obj":"Disease"},{"id":"T2","span":{"begin":247,"end":250},"obj":"Disease"},{"id":"T3","span":{"begin":251,"end":263},"obj":"Reg"},{"id":"T4","span":{"begin":264,"end":269},"obj":"Gene"},{"id":"T5","span":{"begin":270,"end":278},"obj":"Var"},{"id":"T6","span":{"begin":286,"end":304},"obj":"Var"},{"id":"T7","span":{"begin":305,"end":313},"obj":"NegReg"},{"id":"T8","span":{"begin":314,"end":329},"obj":"Enzyme"},{"id":"T9","span":{"begin":336,"end":344},"obj":"MPA"},{"id":"T20","span":{"begin":847,"end":854},"obj":"Var"},{"id":"T22","span":{"begin":856,"end":861},"obj":"Var"},{"id":"T21","span":{"begin":877,"end":894},"obj":"Var"},{"id":"T23","span":{"begin":896,"end":910},"obj":"Var"},{"id":"T19","span":{"begin":942,"end":950},"obj":"NegReg"},{"id":"T24","span":{"begin":954,"end":962},"obj":"MPA"},{"id":"T10","span":{"begin":1264,"end":1269},"obj":"Gene"},{"id":"T11","span":{"begin":1270,"end":1279},"obj":"Var"},{"id":"T12","span":{"begin":1290,"end":1299},"obj":"NegReg"},{"id":"T13","span":{"begin":1300,"end":1303},"obj":"Enzyme"},{"id":"T14","span":{"begin":1304,"end":1312},"obj":"MPA"},{"id":"T15","span":{"begin":1316,"end":1322},"obj":"Reg"},{"id":"T16","span":{"begin":1323,"end":1350},"obj":"MPA"},{"id":"T17","span":{"begin":1351,"end":1358},"obj":"Reg"},{"id":"T18","span":{"begin":1359,"end":1374},"obj":"Disease"}],"relations":[{"id":"R1","pred":"ThemeOf","subj":"T8","obj":"T9"},{"id":"R10","pred":"ThemeOf","subj":"T10","obj":"T11"},{"id":"R11","pred":"CauseOf","subj":"T11","obj":"T12"},{"id":"R12","pred":"ThemeOf","subj":"T13","obj":"T14"},{"id":"R13","pred":"ThemeOf","subj":"T14","obj":"T12"},{"id":"R14","pred":"CauseOf","subj":"T11","obj":"T15"},{"id":"R15","pred":"ThemeOf","subj":"T16","obj":"T15"},{"id":"R16","pred":"CauseOf","subj":"T12","obj":"T17"},{"id":"R17","pred":"ThemeOf","subj":"T18","obj":"T17"},{"id":"R18","pred":"CauseOf","subj":"T15","obj":"T17"},{"id":"R19","pred":"CauseOf","subj":"T20","obj":"T19"},{"id":"R2","pred":"ThemeOf","subj":"T9","obj":"T7"},{"id":"R20","pred":"CauseOf","subj":"T22","obj":"T19"},{"id":"R21","pred":"CauseOf","subj":"T21","obj":"T19"},{"id":"R22","pred":"CauseOf","subj":"T23","obj":"T19"},{"id":"R23","pred":"ThemeOf","subj":"T24","obj":"T19"},{"id":"R3","pred":"ThemeOf","subj":"T4","obj":"T5"},{"id":"R4","pred":"ThemeOf","subj":"T4","obj":"T6"},{"id":"R5","pred":"CauseOf","subj":"T5","obj":"T7"},{"id":"R7","pred":"CauseOf","subj":"T6","obj":"T7"},{"id":"R8","pred":"CauseOf","subj":"T7","obj":"T3"},{"id":"R9","pred":"ThemeOf","subj":"T2","obj":"T3"}]}