{"target":"http://pubannotation.org/docs/sourcedb/PubMed/sourceid/22666734","sourcedb":"PubMed","sourceid":"22666734","text":"Mutation analysis in two Chinese families with multiple endocrine neoplasia type 1.\nOBJECTIVE: This study aimed at identifing mutations in two Chinese genealogies with MEN1.\nSUBJECTS AND METHODS: Three members of two Chinese families with MEN1 were enrolled in this study, and all of the coding regions and adjacent sequences of the MEN1 gene were amplified and sequenced.\nRESULTS: A recurrent mutation of heterozygous change T\u003EA at IVS 4+1 was found in family I, and a novel insGAGGTGG mutation (c.703-709dup7bp) resulted in a frameshift (p.A237Gfsx13) in family II.\nCONCLUSION: We are able to add a new mutation of MEN1 gene in Chinese patients with MEN1 that will be useful for the diagnosis and treatment of the disease.","project":"AGAC_answer","denotations":[{"id":"T3","span":{"begin":0,"end":8},"obj":"Var"},{"id":"T2","span":{"begin":42,"end":46},"obj":"Reg"},{"id":"T1","span":{"begin":47,"end":82},"obj":"Disease"},{"id":"T4","span":{"begin":168,"end":172},"obj":"Gene"}],"relations":[{"id":"R1","pred":"ThemeOf","subj":"T4","obj":"T3"},{"id":"R2","pred":"CauseOf","subj":"T3","obj":"T2"},{"id":"R3","pred":"ThemeOf","subj":"T1","obj":"T2"}]}