{"target":"http://pubannotation.org/docs/sourcedb/PubMed/sourceid/20610155","sourcedb":"PubMed","sourceid":"20610155","text":"DOK7 mutations presenting as a proximal myopathy in French Canadians.\nDOK7 mutations cause a congenital myasthenic syndrome (OMIM 254300) characterized by a \"limb-girdle\" phenotype. We identified 7 French-Canadian patients with a previously undiagnosed proximal myopathy. A genome wide scan was performed. Homozygosity mapping identified a locus on chromosome 4p16.2 containing DOK7. Sequencing of DOK7 revealed homozygous 1124_1127dupTGCC mutations in all individuals. SNP genotyping of 42kb surrounding DOK7 in our cohort and in 9 patients of various European origins demonstrated a shared haplotype suggesting a common ancestral European mutation. In our cohort, fatigability was not prominent; rather patients reported prolonged periods of increased weakness. Abnormalities on repetitive nerve stimulation and single fiber EMG were not invariably present. There was considerable intra-familial phenotypic variability, and we report an asymptomatic individual. DOK7 mutations should be considered in patients with early-onset myopathy, even in the absence of symptoms suggesting a possible myasthenia.","project":"AGAC_answer","denotations":[{"id":"T1","span":{"begin":0,"end":4},"obj":"Gene"},{"id":"T2","span":{"begin":5,"end":14},"obj":"Var"},{"id":"T3","span":{"begin":15,"end":28},"obj":"Reg"},{"id":"T4","span":{"begin":31,"end":48},"obj":"Disease"},{"id":"T5","span":{"begin":70,"end":74},"obj":"Gene"},{"id":"T6","span":{"begin":75,"end":84},"obj":"Var"},{"id":"T7","span":{"begin":85,"end":90},"obj":"Reg"},{"id":"T8","span":{"begin":93,"end":123},"obj":"Disease"}],"relations":[{"id":"R1","pred":"ThemeOf","subj":"T1","obj":"T2"},{"id":"R2","pred":"CauseOf","subj":"T2","obj":"T3"},{"id":"R3","pred":"ThemeOf","subj":"T4","obj":"T3"},{"id":"R4","pred":"ThemeOf","subj":"T5","obj":"T6"},{"id":"R5","pred":"CauseOf","subj":"T6","obj":"T7"},{"id":"R6","pred":"ThemeOf","subj":"T8","obj":"T7"}]}