{"target":"http://pubannotation.org/docs/sourcedb/PubMed/sourceid/18938114","sourcedb":"PubMed","sourceid":"18938114","text":"Common mutations in Cuban cystic fibrosis patients.\nSo far, more than 1500 mutations have been reported in the cystic fibrosis transmembrane conductance regulator (CFTR) gene. Mutational spectrum varies in accordance with geographic and/or ethnic origin. In this study, we have analyzed seven common CF mutations (p.F508del, p.G542X, p.R1162X, p.N1303K, p.R334W, p.R553X and c.3120+1G\u003EA) taking into account the ethnic origin of the Cuban population which is mainly influenced by Spanish and sub-Sahara African contribution. All but p.N1303K have been detected in our patients, the p.F508del being the most prevalent (37.9%). Overall, six mutations showed frequencies above 1% accounting for 55.5% of the Cuban CF alleles.","project":"AGAC_answer","denotations":[{"id":"T2","span":{"begin":7,"end":16},"obj":"Var"},{"id":"T3","span":{"begin":17,"end":19},"obj":"Reg"},{"id":"T1","span":{"begin":26,"end":41},"obj":"Disease"},{"id":"T13","span":{"begin":164,"end":168},"obj":"Gene"},{"id":"T14","span":{"begin":293,"end":299},"obj":"Reg"},{"id":"T4","span":{"begin":300,"end":302},"obj":"Disease"},{"id":"T6","span":{"begin":314,"end":323},"obj":"Var"},{"id":"T7","span":{"begin":325,"end":332},"obj":"Var"},{"id":"T8","span":{"begin":334,"end":342},"obj":"Var"},{"id":"T9","span":{"begin":344,"end":352},"obj":"Var"},{"id":"T10","span":{"begin":354,"end":361},"obj":"Var"},{"id":"T11","span":{"begin":363,"end":370},"obj":"Var"},{"id":"T12","span":{"begin":375,"end":386},"obj":"Var"}],"relations":[{"id":"R1","pred":"CauseOf","subj":"T2","obj":"T3"},{"id":"R10","pred":"CauseOf","subj":"T6","obj":"T14"},{"id":"R11","pred":"ThemeOf","subj":"T4","obj":"T14"},{"id":"R12","pred":"CauseOf","subj":"T7","obj":"T14"},{"id":"R13","pred":"CauseOf","subj":"T8","obj":"T14"},{"id":"R14","pred":"CauseOf","subj":"T9","obj":"T14"},{"id":"R15","pred":"CauseOf","subj":"T10","obj":"T14"},{"id":"R16","pred":"CauseOf","subj":"T11","obj":"T14"},{"id":"R17","pred":"CauseOf","subj":"T12","obj":"T14"},{"id":"R2","pred":"ThemeOf","subj":"T1","obj":"T3"},{"id":"R3","pred":"ThemeOf","subj":"T13","obj":"T6"},{"id":"R4","pred":"ThemeOf","subj":"T13","obj":"T7"},{"id":"R5","pred":"ThemeOf","subj":"T13","obj":"T8"},{"id":"R6","pred":"ThemeOf","subj":"T13","obj":"T9"},{"id":"R7","pred":"ThemeOf","subj":"T13","obj":"T10"},{"id":"R8","pred":"ThemeOf","subj":"T13","obj":"T11"},{"id":"R9","pred":"ThemeOf","subj":"T13","obj":"T12"}]}