{"target":"http://pubannotation.org/docs/sourcedb/PubMed/sourceid/21564178","sourcedb":"PubMed","sourceid":"21564178","text":"New homozygous SPINK5 mutation, p.Gln333X, in a Turkish pedigree with Netherton syndrome.\nNetherton syndrome (NS) is a rare autosomal recessive genodermatosis caused by loss-of-function mutations in the SPINK5 gene. The clinical features include congenital ichthyosis, trichorrhexis invaginata and atopy. In this study, we report a new homozygous SPINK5 mutation, p.Gln333X, responsible for NS in affected members of two closely related Turkish families, and provide an overview of the genotype-phenotype correlation in this condition.","project":"AGAC_answer","denotations":[{"id":"T1","span":{"begin":90,"end":108},"obj":"Disease"},{"id":"T2","span":{"begin":169,"end":185},"obj":"NegReg"},{"id":"T3","span":{"begin":186,"end":195},"obj":"Var"},{"id":"T4","span":{"begin":203,"end":209},"obj":"Gene"},{"id":"T6","span":{"begin":347,"end":353},"obj":"Gene"},{"id":"T5","span":{"begin":364,"end":373},"obj":"Var"},{"id":"T7","span":{"begin":375,"end":386},"obj":"Reg"},{"id":"T8","span":{"begin":391,"end":393},"obj":"Disease"}],"relations":[{"id":"R1","pred":"CauseOf","subj":"T3","obj":"T2"},{"id":"R2","pred":"ThemeOf","subj":"T1","obj":"T2"},{"id":"R3","pred":"ThemeOf","subj":"T4","obj":"T3"},{"id":"R4","pred":"ThemeOf","subj":"T6","obj":"T5"},{"id":"R5","pred":"ThemeOf","subj":"T8","obj":"T7"},{"id":"R6","pred":"CauseOf","subj":"T5","obj":"T7"}]}